# This PCD file was generated using the MATLAB® pcwrite function
# from Computer Vision Toolbox®.
# .PCD v.7 - Point Cloud Data file format
VERSION .7
FIELDS x y z rgb
SIZE 4 4 4 4
TYPE F F F F
COUNT 1 1 1 1
WIDTH 2300
HEIGHT 1
VIEWPOINT 0 0 0 1 0 0 0
POINTS 2300
DATA ascii
-0.044471 0.039068 0.375210 9.690645899e-39
-0.044456 0.039844 0.375085 8.123320191e-39
-0.043739 0.037539 0.375710 8.025363823e-39
-0.043550 0.038164 0.374085 9.593042658e-39
-0.043536 0.038938 0.373960 1.042172993e-38
-0.043521 0.039711 0.373835 7.747337800e-39
-0.043521 0.040498 0.373835 1.005222855e-38
-0.043507 0.041271 0.373710 9.316102641e-39
-0.043507 0.042057 0.373710 7.104486525e-39
-0.043521 0.042858 0.373835 8.856203492e-39
-0.043536 0.043659 0.373960 7.291394516e-39
-0.043579 0.044490 0.374335 5.355286289e-39
-0.042835 0.036651 0.374710 1.384760340e-39
-0.042777 0.037389 0.374210 1.934697120e-39
-0.042749 0.038151 0.373960 2.026166877e-39
-0.042735 0.038925 0.373835 2.393151530e-39
-0.042735 0.039711 0.373835 2.484275167e-39
-0.042720 0.040484 0.373710 2.116211514e-39
-0.042720 0.041271 0.373710 1.932899254e-39
-0.042706 0.042043 0.373585 1.566274734e-39
-0.042692 0.042815 0.373460 2.206242137e-39
-0.042692 0.043600 0.373460 2.391712397e-39
-0.042677 0.044371 0.373335 1.655586491e-39
-0.042692 0.045172 0.373460 4.982187770e-39
-0.042663 0.045927 0.373210 2.300955900e-39
-0.042649 0.046697 0.373085 1.932546126e-39
-0.042649 0.047482 0.373085 3.223638072e-39
-0.042635 0.048250 0.372960 4.330338757e-39
-0.042635 0.049035 0.372960 2.577542790e-39
-0.042620 0.049803 0.372835 5.807266701e-39
-0.042620 0.050588 0.372835 7.374599415e-39
-0.042606 0.051355 0.372710 6.270409856e-39
-0.042606 0.052139 0.372710 9.314663508e-39
-0.042606 0.052923 0.372710 9.222833617e-39
-0.042606 0.053707 0.372710 4.981834643e-39
-0.042004 0.036614 0.374335 5.332981822e-39
-0.041962 0.037364 0.373960 5.426253649e-39
-0.041948 0.038138 0.373835 5.609198768e-39
-0.041934 0.038912 0.373710 5.700672729e-39
-0.041934 0.039698 0.373710 5.608477100e-39
-0.041934 0.040484 0.373710 5.517000336e-39
-0.041920 0.041257 0.373585 5.517000336e-39
-0.041906 0.042029 0.373460 4.596843304e-39
-0.041906 0.042815 0.373460 4.505366541e-39
-0.041892 0.043586 0.373335 4.966347493e-39
-0.041878 0.044356 0.373210 4.506814082e-39
-0.041878 0.045142 0.373210 4.781603106e-39
-0.041864 0.045912 0.373085 4.506814082e-39
-0.041864 0.046697 0.373085 4.506816885e-39
-0.041850 0.047466 0.372960 4.323504625e-39
-0.041850 0.048250 0.372960 4.046917735e-39
-0.041850 0.049035 0.372960 3.862523673e-39
-0.041836 0.049803 0.372835 4.048354066e-39
-0.041822 0.050571 0.372710 3.313668695e-39
-0.041822 0.051355 0.372710 3.313315568e-39
-0.041822 0.052139 0.372710 3.038167812e-39
-0.041822 0.052923 0.372710 2.393877403e-39
-0.041808 0.053689 0.372585 2.486073033e-39
-0.041808 0.054473 0.372585 2.486426160e-39
-0.041794 0.055239 0.372460 2.669738420e-39
-0.041794 0.056023 0.372460 2.760862056e-39
-0.041794 0.056806 0.372460 3.037081806e-39
-0.041794 0.057590 0.372460 2.668299286e-39
-0.041794 0.058374 0.372460 2.391712397e-39
-0.041794 0.059157 0.372460 2.576100854e-39
-0.041990 0.060223 0.374210 2.021848075e-39
-0.041990 0.061010 0.374210 2.021848075e-39
-0.042004 0.061818 0.374335 1.930731445e-39
-0.041836 0.063139 0.372835 1.471921104e-39
-0.041203 0.036602 0.374210 6.342447808e-39
-0.041175 0.037364 0.373960 6.250249375e-39
-0.041161 0.038138 0.373835 5.974015613e-39
-0.041148 0.038912 0.373710 5.974012811e-39
-0.041148 0.039698 0.373710 5.974012811e-39
-0.041134 0.040471 0.373585 5.974012811e-39
-0.041134 0.041257 0.373585 5.607029558e-39
-0.041120 0.042029 0.373460 5.514833928e-39
-0.041106 0.042800 0.373335 5.514833928e-39
-0.041106 0.043586 0.373335 5.332243337e-39
-0.041093 0.044356 0.373210 5.148217816e-39
-0.041093 0.045142 0.373210 4.963829359e-39
-0.041079 0.045912 0.373085 4.228060785e-39
-0.041079 0.046697 0.373085 4.781237367e-39
-0.041065 0.047466 0.372960 4.228063588e-39
-0.041065 0.048250 0.372960 4.505369343e-39
-0.041051 0.049019 0.372835 4.779788424e-39
-0.041051 0.049803 0.372835 4.412452045e-39
-0.041038 0.050571 0.372710 4.320975281e-39
-0.041038 0.051355 0.372710 4.320975281e-39
-0.041038 0.052139 0.372710 4.413170911e-39
-0.041024 0.052906 0.372585 4.138381887e-39
-0.041024 0.053689 0.372585 4.413170911e-39
-0.041010 0.054455 0.372460 4.779435297e-39
-0.041010 0.055239 0.372460 4.504647675e-39
-0.041010 0.056023 0.372460 4.135865155e-39
-0.041010 0.056806 0.372460 4.320256415e-39
-0.040996 0.057571 0.372335 4.687239667e-39
-0.040996 0.058354 0.372335 4.687239667e-39
-0.040996 0.059137 0.372335 4.686520801e-39
-0.040996 0.059921 0.372335 4.409933911e-39
-0.040996 0.060704 0.372335 4.870912061e-39
-0.040996 0.061488 0.372335 5.237896714e-39
-0.040996 0.062271 0.372335 4.963460818e-39
-0.041010 0.063076 0.372460 4.231306192e-39
-0.041010 0.063859 0.372460 2.576103657e-39
-0.040388 0.036577 0.373960 6.524319533e-39
-0.040375 0.037352 0.373835 6.523590858e-39
-0.040361 0.038125 0.373710 6.523942584e-39
-0.040361 0.038912 0.373710 6.523942584e-39
-0.040361 0.039698 0.373710 5.970768805e-39
-0.040348 0.040471 0.373585 6.431746954e-39
-0.040334 0.041243 0.373460 5.789254411e-39
-0.040334 0.042029 0.373460 5.789254411e-39
-0.040321 0.042800 0.373335 5.605582017e-39
-0.040307 0.043571 0.373210 5.882168907e-39
-0.040307 0.044356 0.373210 5.238247039e-39
-0.040307 0.045142 0.373210 5.238249841e-39
-0.040294 0.045912 0.373085 4.963460818e-39
-0.040294 0.046697 0.373085 4.963460818e-39
-0.040280 0.047466 0.372960 4.871262385e-39
-0.040280 0.048250 0.372960 4.963460818e-39
-0.040267 0.049019 0.372835 4.687592794e-39
-0.040267 0.049803 0.372835 4.687592794e-39
-0.040253 0.050571 0.372710 4.320609542e-39
-0.040253 0.051355 0.372710 4.779788424e-39
-0.040240 0.052122 0.372585 4.505000802e-39
-0.040240 0.052906 0.372585 4.412805172e-39
-0.040226 0.053671 0.372460 4.687592794e-39
-0.040226 0.054455 0.372460 4.687592794e-39
-0.040226 0.055239 0.372460 4.779069558e-39
-0.040213 0.056004 0.372335 4.686873928e-39
-0.040213 0.056787 0.372335 4.686873928e-39
-0.040213 0.057571 0.372335 4.686873928e-39
-0.040199 0.058334 0.372210 4.594678298e-39
-0.040199 0.059118 0.372210 4.594678298e-39
-0.040199 0.059901 0.372210 4.869467322e-39
-0.040199 0.060684 0.372210 4.869467322e-39
-0.040199 0.061467 0.372210 5.053858582e-39
-0.040213 0.062271 0.372335 5.146051409e-39
-0.040213 0.063054 0.372335 4.963458015e-39
-0.040226 0.063859 0.372460 4.320259217e-39
-0.039602 0.036577 0.373960 6.616868290e-39
-0.039588 0.037352 0.373835 6.799090340e-39
-0.039575 0.038125 0.373710 6.890560097e-39
-0.039575 0.038912 0.373710 6.799443467e-39
-0.039562 0.039685 0.373585 6.432100081e-39
-0.039562 0.040471 0.373585 6.431746954e-39
-0.039549 0.041243 0.373460 6.064043434e-39
-0.039549 0.042029 0.373460 5.789254411e-39
-0.039535 0.042800 0.373335 5.789254411e-39
-0.039522 0.043571 0.373210 5.697777647e-39
-0.039522 0.044356 0.373210 5.330794395e-39
-0.039509 0.045127 0.373085 5.146051409e-39
-0.039509 0.045912 0.373085 4.779066755e-39
-0.039496 0.046681 0.372960 4.779066755e-39
-0.039496 0.047466 0.372960 4.779066755e-39
-0.039496 0.048250 0.372960 4.779066755e-39
-0.039482 0.049019 0.372835 4.686873928e-39
-0.039469 0.049786 0.372710 4.686873928e-39
-0.039469 0.050571 0.372710 4.779069558e-39
-0.039469 0.051355 0.372710 4.779788424e-39
-0.039456 0.052122 0.372585 4.597193629e-39
-0.039456 0.052906 0.372585 4.226614645e-39
-0.039443 0.053671 0.372460 4.595394362e-39
-0.039443 0.054455 0.372460 4.686873928e-39
-0.039443 0.055239 0.372460 4.779066755e-39
-0.039429 0.056004 0.372335 4.686871126e-39
-0.039429 0.056787 0.372335 4.869464519e-39
-0.039416 0.057551 0.372210 4.686871126e-39
-0.039416 0.058334 0.372210 4.594675496e-39
-0.039416 0.059118 0.372210 4.685073260e-39
-0.039416 0.059901 0.372210 4.685073260e-39
-0.039416 0.060684 0.372210 5.052056512e-39
-0.039416 0.061467 0.372210 5.236447772e-39
-0.039416 0.062250 0.372210 5.054207505e-39
-0.039416 0.063033 0.372210 5.054207505e-39
-0.039429 0.063838 0.372335 4.871265188e-39
-0.038815 0.036577 0.373960 6.707982118e-39
-0.038802 0.037352 0.373835 6.982755727e-39
-0.038789 0.038125 0.373710 6.982755727e-39
-0.038776 0.038899 0.373585 6.799443467e-39
-0.038776 0.039685 0.373585 6.522856577e-39
-0.038763 0.040457 0.373460 6.522856577e-39
-0.038763 0.041243 0.373460 6.247708821e-39
-0.038750 0.042015 0.373335 6.247708821e-39
-0.038737 0.042786 0.373210 5.971847804e-39
-0.038737 0.043571 0.373210 5.697058781e-39
-0.038737 0.044356 0.373210 5.513386387e-39
-0.038724 0.045127 0.373085 4.869816245e-39
-0.038711 0.045896 0.372960 4.962011875e-39
-0.038711 0.046681 0.372960 5.054207505e-39
-0.038711 0.047466 0.372960 5.054207505e-39
-0.038698 0.048234 0.372835 4.962011875e-39
-0.038698 0.049019 0.372835 4.686871126e-39
-0.038685 0.049786 0.372710 4.686873928e-39
-0.038685 0.050571 0.372710 4.779069558e-39
-0.038672 0.051338 0.372585 4.779066755e-39
-0.038672 0.052122 0.372585 4.871981251e-39
-0.038659 0.052888 0.372460 4.687589992e-39
-0.038659 0.053671 0.372460 4.686871126e-39
-0.038659 0.054455 0.372460 4.686871126e-39
-0.038646 0.055220 0.372335 4.961660149e-39
-0.038646 0.056004 0.372335 5.236799498e-39
-0.038633 0.056768 0.372210 5.328995127e-39
-0.038633 0.057551 0.372210 4.869816245e-39
-0.038633 0.058334 0.372210 4.685424986e-39
-0.038633 0.059118 0.372210 4.960565735e-39
-0.038633 0.059901 0.372210 5.144238129e-39
-0.038633 0.060684 0.372210 5.144238129e-39
-0.038633 0.061467 0.372210 5.236799498e-39
-0.038633 0.062250 0.372210 5.328995127e-39
-0.038633 0.063033 0.372210 5.421190757e-39
-0.038633 0.063816 0.372210 5.146051409e-39
-0.038015 0.036565 0.373835 6.523942584e-39
-0.038002 0.037339 0.373710 7.257544751e-39
-0.038002 0.038125 0.373710 6.982755727e-39
-0.037990 0.038899 0.373585 6.799443467e-39
-0.037977 0.039671 0.373460 6.522856577e-39
-0.037977 0.040457 0.373460 6.522856577e-39
-0.037977 0.041243 0.373460 6.247708821e-39
-0.037964 0.042015 0.373335 6.247708821e-39
-0.037952 0.042786 0.373210 5.971847804e-39
-0.037952 0.043571 0.373210 5.697058781e-39
-0.037939 0.044342 0.373085 5.513386387e-39
-0.037939 0.045127 0.373085 5.421190757e-39
-0.037926 0.045896 0.372960 5.236799498e-39
-0.037926 0.046681 0.372960 4.962011875e-39
-0.037926 0.047466 0.372960 4.962011875e-39
-0.037913 0.048234 0.372835 4.962011875e-39
-0.037901 0.049002 0.372710 4.686871126e-39
-0.037901 0.049786 0.372710 5.240044905e-39
-0.037901 0.050571 0.372710 4.686871126e-39
-0.037888 0.051338 0.372585 4.686871126e-39
-0.037888 0.052122 0.372585 4.872332977e-39
-0.037875 0.052888 0.372460 4.687222851e-39
-0.037875 0.053671 0.372460 4.687222851e-39
-0.037875 0.054455 0.372460 4.594675496e-39
-0.037863 0.055220 0.372335 4.962011875e-39
-0.037850 0.055985 0.372210 5.328995127e-39
-0.037850 0.056768 0.372210 5.421190757e-39
-0.037850 0.057551 0.372210 5.052408238e-39
-0.037850 0.058334 0.372210 5.328276261e-39
-0.037850 0.059118 0.372210 5.052042499e-39
-0.037850 0.059901 0.372210 5.144238129e-39
-0.037850 0.060684 0.372210 5.144238129e-39
-0.037850 0.061467 0.372210 5.328629388e-39
-0.037850 0.062250 0.372210 5.328995127e-39
-0.037850 0.063033 0.372210 5.328995127e-39
-0.037850 0.063816 0.372210 5.146403135e-39
-0.037977 0.064817 0.373460 2.663250408e-39
-0.037229 0.036565 0.373835 6.799090340e-39
-0.037216 0.037339 0.373710 7.257541948e-39
-0.037204 0.038113 0.373585 7.257541948e-39
-0.037204 0.038899 0.373585 6.890557294e-39
-0.037191 0.039671 0.373460 6.522856577e-39
-0.037191 0.040457 0.373460 6.522856577e-39
-0.037179 0.041229 0.373335 6.155513192e-39
-0.037166 0.042001 0.373210 6.063317562e-39
-0.037166 0.042786 0.373210 5.972200932e-39
-0.037166 0.043571 0.373210 5.605216278e-39
-0.037154 0.044342 0.373085 5.513386387e-39
-0.037141 0.045111 0.372960 5.329348255e-39
-0.037141 0.045896 0.372960 5.237152625e-39
-0.037141 0.046681 0.372960 5.237152625e-39
-0.037129 0.047450 0.372835 5.329348255e-39
-0.037129 0.048234 0.372835 4.962365002e-39
-0.037117 0.049002 0.372710 4.961660149e-39
-0.037117 0.049786 0.372710 4.961660149e-39
-0.037117 0.050571 0.372710 4.961660149e-39
-0.037104 0.051338 0.372585 4.779418481e-39
-0.037092 0.052104 0.372460 4.871614111e-39
-0.037092 0.052888 0.372460 4.226244702e-39
-0.037092 0.053671 0.372460 4.595027222e-39
-0.037079 0.054437 0.372335 4.410635962e-39
-0.037079 0.055220 0.372335 4.869816245e-39
-0.037067 0.055985 0.372210 5.236799498e-39
-0.037067 0.056768 0.372210 5.328276261e-39
-0.037067 0.057551 0.372210 5.052408238e-39
-0.037067 0.058334 0.372210 5.143885002e-39
-0.037054 0.059098 0.372085 5.144238129e-39
-0.037054 0.059881 0.372085 5.052042499e-39
-0.037054 0.060663 0.372085 5.052042499e-39
-0.037054 0.061446 0.372085 5.328629388e-39
-0.037067 0.062250 0.372210 5.420825018e-39
-0.037067 0.063033 0.372210 5.328995127e-39
-0.037067 0.063816 0.372210 5.513386387e-39
-0.037092 0.064643 0.372460 2.846921400e-39
-0.036430 0.036553 0.373710 6.799090340e-39
-0.036430 0.037339 0.373710 7.257541948e-39
-0.036418 0.038113 0.373585 7.257541948e-39
-0.036405 0.038886 0.373460 6.890557294e-39
-0.036405 0.039671 0.373460 6.430658145e-39
-0.036405 0.040457 0.373460 6.522856577e-39
-0.036393 0.041229 0.373335 6.155513192e-39
-0.036381 0.042001 0.373210 6.063317562e-39
-0.036381 0.042786 0.373210 5.880005302e-39
-0.036381 0.043571 0.373210 5.605216278e-39
-0.036369 0.044342 0.373085 5.513739514e-39
-0.036357 0.045111 0.372960 5.421543884e-39
-0.036357 0.045896 0.372960 5.329348255e-39
-0.036357 0.046681 0.372960 5.237152625e-39
-0.036345 0.047450 0.372835 5.329348255e-39
-0.036345 0.048234 0.372835 5.054560632e-39
-0.036332 0.049002 0.372710 4.869816245e-39
-0.036332 0.049786 0.372710 5.053855779e-39
-0.036332 0.050571 0.372710 5.053855779e-39
-0.036320 0.051338 0.372585 4.871614111e-39
-0.036308 0.052104 0.372460 5.332592261e-39
-0.036308 0.052888 0.372460 4.595027222e-39
-0.036308 0.053671 0.372460 4.687222851e-39
-0.036296 0.054437 0.372335 4.410635962e-39
-0.036284 0.055202 0.372210 4.685424986e-39
-0.036284 0.055985 0.372210 4.960212608e-39
-0.036284 0.056768 0.372210 5.143885002e-39
-0.036271 0.057532 0.372085 5.143885002e-39
-0.036271 0.058315 0.372085 5.143885002e-39
-0.036271 0.059098 0.372085 5.144238129e-39
-0.036271 0.059881 0.372085 5.052042499e-39
-0.036271 0.060663 0.372085 5.144238129e-39
-0.036271 0.061446 0.372085 5.144238129e-39
-0.036271 0.062229 0.372085 5.328629388e-39
-0.036284 0.063033 0.372210 5.329348255e-39
-0.036284 0.063816 0.372210 5.328995127e-39
-0.036296 0.064621 0.372335 3.674887006e-39
-0.035643 0.036553 0.373710 6.799090340e-39
-0.035632 0.037327 0.373585 7.532689704e-39
-0.035632 0.038113 0.373585 7.533042831e-39
-0.035620 0.038886 0.373460 7.165699445e-39
-0.035620 0.039671 0.373460 6.430658145e-39
-0.035608 0.040444 0.373335 6.522853775e-39
-0.035608 0.041229 0.373335 6.247708821e-39
-0.035596 0.042001 0.373210 6.155513192e-39
-0.035596 0.042786 0.373210 6.247708821e-39
-0.035584 0.043557 0.373085 5.972200932e-39
-0.035584 0.044342 0.373085 5.513020648e-39
-0.035572 0.045111 0.372960 5.421543884e-39
-0.035572 0.045896 0.372960 5.329348255e-39
-0.035572 0.046681 0.372960 5.237152625e-39
-0.035560 0.047450 0.372835 5.421543884e-39
-0.035560 0.048234 0.372835 4.870169373e-39
-0.035548 0.049002 0.372710 4.962011875e-39
-0.035548 0.049786 0.372710 4.962011875e-39
-0.035536 0.050554 0.372585 4.961660149e-39
-0.035536 0.051338 0.372585 4.687222851e-39
-0.035524 0.052104 0.372460 4.779418481e-39
-0.035524 0.052888 0.372460 4.595027222e-39
-0.035524 0.053671 0.372460 4.595027222e-39
-0.035512 0.054437 0.372335 4.595027222e-39
-0.035500 0.055202 0.372210 4.685424986e-39
-0.035500 0.055985 0.372210 5.051689372e-39
-0.035500 0.056768 0.372210 5.143885002e-39
-0.035489 0.057532 0.372085 5.143885002e-39
-0.035489 0.058315 0.372085 5.144238129e-39
-0.035489 0.059098 0.372085 5.419027152e-39
-0.035489 0.059881 0.372085 5.052042499e-39
-0.035489 0.060663 0.372085 5.144238129e-39
-0.035489 0.061446 0.372085 5.328629388e-39
-0.035489 0.062229 0.372085 5.328629388e-39
-0.035489 0.063012 0.372085 5.329348255e-39
-0.035500 0.063816 0.372210 5.421190757e-39
-0.035500 0.064600 0.372210 4.136218282e-39
-0.034857 0.036553 0.373710 6.521424450e-39
-0.034846 0.037327 0.373585 7.440494074e-39
-0.034834 0.038100 0.373460 7.440847201e-39
-0.034834 0.038886 0.373460 7.165699445e-39
-0.034834 0.039671 0.373460 6.522853775e-39
-0.034822 0.040444 0.373335 6.707245035e-39
-0.034811 0.041215 0.373210 6.155513192e-39
-0.034811 0.042001 0.373210 6.155513192e-39
-0.034811 0.042786 0.373210 6.155513192e-39
-0.034799 0.043557 0.373085 5.880005302e-39
-0.034799 0.044342 0.373085 5.697411908e-39
-0.034787 0.045111 0.372960 5.421543884e-39
-0.034787 0.045896 0.372960 5.329348255e-39
-0.034787 0.046681 0.372960 5.329348255e-39
-0.034776 0.047450 0.372835 5.421543884e-39
-0.034764 0.048218 0.372710 5.054560632e-39
-0.034764 0.049002 0.372710 4.962011875e-39
-0.034764 0.049786 0.372710 4.869816245e-39
-0.034752 0.050554 0.372585 5.330442669e-39
-0.034752 0.051338 0.372585 4.595027222e-39
-0.034741 0.052104 0.372460 4.595027222e-39
-0.034741 0.052888 0.372460 4.410635962e-39
-0.034729 0.053653 0.372335 4.685424986e-39
-0.034729 0.054437 0.372335 4.685778113e-39
-0.034717 0.055202 0.372210 4.870169373e-39
-0.034717 0.055985 0.372210 5.051689372e-39
-0.034717 0.056768 0.372210 5.143885002e-39
-0.034706 0.057532 0.372085 5.051689372e-39
-0.034706 0.058315 0.372085 5.144238129e-39
-0.034706 0.059098 0.372085 5.326831523e-39
-0.034706 0.059881 0.372085 5.326831523e-39
-0.034706 0.060663 0.372085 5.326831523e-39
-0.034706 0.061446 0.372085 5.419027152e-39
-0.034706 0.062229 0.372085 5.328629388e-39
-0.034706 0.063012 0.372085 5.237152625e-39
-0.034706 0.063795 0.372085 5.513386387e-39
-0.034717 0.064600 0.372210 3.767435763e-39
-0.034094 0.036577 0.373960 6.982402600e-39
-0.034048 0.037314 0.373460 7.440494074e-39
-0.034048 0.038100 0.373460 7.439768202e-39
-0.034048 0.038886 0.373460 7.440847201e-39
-0.034037 0.039658 0.373335 6.890910422e-39
-0.034025 0.040430 0.373210 6.706166035e-39
-0.034025 0.041215 0.373210 6.522853775e-39
-0.034025 0.042001 0.373210 6.247708821e-39
-0.034014 0.042772 0.373085 6.155513192e-39
-0.034014 0.043557 0.373085 5.787809672e-39
-0.034003 0.044327 0.372960 5.605216278e-39
-0.034003 0.045111 0.372960 5.420825018e-39
-0.034003 0.045896 0.372960 5.329348255e-39
-0.033991 0.046665 0.372835 5.421543884e-39
-0.033991 0.047450 0.372835 5.329348255e-39
-0.033980 0.048218 0.372710 4.962365002e-39
-0.033980 0.049002 0.372710 4.869816245e-39
-0.033980 0.049786 0.372710 4.869816245e-39
-0.033968 0.050554 0.372585 4.962011875e-39
-0.033957 0.051320 0.372460 4.687222851e-39
-0.033957 0.052104 0.372460 4.595027222e-39
-0.033957 0.052888 0.372460 4.685424986e-39
-0.033946 0.053653 0.372335 5.052761365e-39
-0.033946 0.054437 0.372335 5.237152625e-39
-0.033934 0.055202 0.372210 5.052761365e-39
-0.033934 0.055985 0.372210 5.051689372e-39
-0.033923 0.056749 0.372085 5.051689372e-39
-0.033923 0.057532 0.372085 5.144238129e-39
-0.033911 0.058295 0.371960 5.052042499e-39
-0.033911 0.059078 0.371960 5.419027152e-39
-0.033911 0.059860 0.371960 5.419027152e-39
-0.033911 0.060643 0.371960 5.602339412e-39
-0.033911 0.061426 0.371960 5.603418412e-39
-0.033911 0.062208 0.371960 5.328629388e-39
-0.033923 0.063012 0.372085 5.420825018e-39
-0.033923 0.063795 0.372085 5.513386387e-39
-0.033957 0.064643 0.372460 4.228413912e-39
-0.033307 0.036577 0.373960 6.982402600e-39
-0.033262 0.037314 0.373460 7.440494074e-39
-0.033251 0.038087 0.373335 7.624159461e-39
-0.033251 0.038873 0.373335 7.440847201e-39
-0.033240 0.039645 0.373210 6.706519162e-39
-0.033240 0.040430 0.373210 6.613970405e-39
-0.033240 0.041215 0.373210 6.522853775e-39
-0.033229 0.041987 0.373085 6.155510389e-39
-0.033229 0.042772 0.373085 6.155513192e-39
-0.033218 0.043542 0.372960 5.880005302e-39
-0.033218 0.044327 0.372960 5.787809672e-39
-0.033218 0.045111 0.372960 5.420825018e-39
-0.033207 0.045881 0.372835 5.329348255e-39
-0.033207 0.046665 0.372835 5.329348255e-39
-0.033196 0.047434 0.372710 5.329348255e-39
-0.033196 0.048218 0.372710 4.962365002e-39
-0.033196 0.049002 0.372710 4.962011875e-39
-0.033184 0.049770 0.372585 4.869816245e-39
-0.033184 0.050554 0.372585 4.869816245e-39
-0.033173 0.051320 0.372460 4.595027222e-39
-0.033173 0.052104 0.372460 4.595027222e-39
-0.033173 0.052888 0.372460 4.869816245e-39
-0.033162 0.053653 0.372335 4.960565735e-39
-0.033151 0.054419 0.372210 5.052761365e-39
-0.033151 0.055202 0.372210 5.144238129e-39
-0.033151 0.055985 0.372210 5.051689372e-39
-0.033140 0.056749 0.372085 5.051689372e-39
-0.033140 0.057532 0.372085 5.052042499e-39
-0.033129 0.058295 0.371960 5.052042499e-39
-0.033129 0.059078 0.371960 5.326831523e-39
-0.033129 0.059860 0.371960 5.510143782e-39
-0.033129 0.060643 0.371960 5.602339412e-39
-0.033129 0.061426 0.371960 5.419027152e-39
-0.033129 0.062208 0.371960 5.328629388e-39
-0.033129 0.062991 0.371960 5.420825018e-39
-0.033129 0.063774 0.371960 5.513386387e-39
-0.033273 0.064838 0.373585 4.595397164e-39
-0.032542 0.036602 0.374210 6.982402600e-39
-0.032466 0.037302 0.373335 7.532689704e-39
-0.032466 0.038087 0.373335 7.439415074e-39
-0.032455 0.038860 0.373210 7.440494074e-39
-0.032455 0.039645 0.373210 6.982752924e-39
-0.032455 0.040430 0.373210 6.706166035e-39
-0.032444 0.041202 0.373085 6.430658145e-39
-0.032444 0.041987 0.373085 6.430658145e-39
-0.032433 0.042757 0.372960 6.155513192e-39
-0.032433 0.043542 0.372960 5.971121932e-39
-0.032433 0.044327 0.372960 5.695614042e-39
-0.032422 0.045096 0.372835 5.420825018e-39
-0.032422 0.045881 0.372835 5.329348255e-39
-0.032411 0.046650 0.372710 5.329348255e-39
-0.032411 0.047434 0.372710 5.329348255e-39
-0.032411 0.048218 0.372710 4.962365002e-39
-0.032400 0.048986 0.372585 4.962011875e-39
-0.032400 0.049770 0.372585 4.869816245e-39
-0.032390 0.050537 0.372460 5.236799498e-39
-0.032390 0.051320 0.372460 4.869816245e-39
-0.032390 0.052104 0.372460 4.685424986e-39
-0.032379 0.052870 0.372335 4.685424986e-39
-0.032368 0.053635 0.372210 4.960565735e-39
-0.032368 0.054419 0.372210 5.052042499e-39
-0.032368 0.055202 0.372210 5.052042499e-39
-0.032357 0.055966 0.372085 5.052042499e-39
-0.032346 0.056730 0.371960 5.052042499e-39
-0.032346 0.057513 0.371960 5.419027152e-39
-0.032346 0.058295 0.371960 5.419027152e-39
-0.032346 0.059078 0.371960 5.142796193e-39
-0.032346 0.059860 0.371960 5.510143782e-39
-0.032346 0.060643 0.371960 6.063317562e-39
-0.032346 0.061426 0.371960 5.419027152e-39
-0.032346 0.062208 0.371960 5.328629388e-39
-0.032346 0.062991 0.371960 5.420825018e-39
-0.032346 0.063774 0.371960 5.512667521e-39
-0.031754 0.036602 0.374210 6.982402600e-39
-0.031670 0.037289 0.373210 7.532689704e-39
-0.031670 0.038074 0.373210 7.440494074e-39
-0.031670 0.038860 0.373210 7.440494074e-39
-0.031659 0.039632 0.373085 6.980955058e-39
-0.031659 0.040417 0.373085 6.613970405e-39
-0.031648 0.041188 0.372960 6.338462515e-39
-0.031648 0.041973 0.372960 6.430658145e-39
-0.031648 0.042757 0.372960 6.155513192e-39
-0.031638 0.043527 0.372835 6.063317562e-39
-0.031638 0.044312 0.372835 5.695614042e-39
-0.031627 0.045081 0.372710 5.513020648e-39
-0.031627 0.045865 0.372710 5.237152625e-39
-0.031627 0.046650 0.372710 5.329348255e-39
-0.031627 0.047434 0.372710 5.329348255e-39
-0.031616 0.048202 0.372585 4.870169373e-39
-0.031616 0.048986 0.372585 5.328995127e-39
-0.031606 0.049753 0.372460 5.052408238e-39
-0.031606 0.050537 0.372460 5.236799498e-39
-0.031606 0.051320 0.372460 4.685424986e-39
-0.031595 0.052087 0.372335 4.593229356e-39
-0.031595 0.052870 0.372335 4.685424986e-39
-0.031585 0.053635 0.372210 4.960565735e-39
-0.031585 0.054419 0.372210 5.052042499e-39
-0.031574 0.055183 0.372085 5.144238129e-39
-0.031574 0.055966 0.372085 5.052039696e-39
-0.031563 0.056730 0.371960 5.326831523e-39
-0.031563 0.057513 0.371960 5.419027152e-39
-0.031563 0.058295 0.371960 5.419027152e-39
-0.031553 0.059058 0.371835 5.510143782e-39
-0.031553 0.059840 0.371835 5.510143782e-39
-0.031553 0.060623 0.371835 5.602339412e-39
-0.031553 0.061405 0.371835 5.603418412e-39
-0.031553 0.062187 0.371835 5.328629388e-39
-0.031553 0.062970 0.371835 5.420825018e-39
-0.031553 0.063752 0.371835 5.051689372e-39
-0.030946 0.036577 0.373960 6.982402600e-39
-0.030884 0.037289 0.373210 7.532692507e-39
-0.030884 0.038074 0.373210 7.256102814e-39
-0.030874 0.038847 0.373085 7.809279396e-39
-0.030874 0.039632 0.373085 6.980957861e-39
-0.030864 0.040403 0.372960 6.613970405e-39
-0.030864 0.041188 0.372960 6.430658145e-39
-0.030864 0.041973 0.372960 6.430658145e-39
-0.030853 0.042743 0.372835 6.063317562e-39
-0.030853 0.043527 0.372835 5.787809672e-39
-0.030843 0.044297 0.372710 5.695614042e-39
-0.030843 0.045081 0.372710 5.420825018e-39
-0.030843 0.045865 0.372710 5.329348255e-39
-0.030843 0.046650 0.372710 5.421543884e-39
-0.030833 0.047418 0.372585 5.329348255e-39
-0.030833 0.048202 0.372585 5.329348255e-39
-0.030822 0.048969 0.372460 5.236799498e-39
-0.030822 0.049753 0.372460 5.236799498e-39
-0.030822 0.050537 0.372460 5.236799498e-39
-0.030812 0.051303 0.372335 4.869816245e-39
-0.030812 0.052087 0.372335 4.685424986e-39
-0.030802 0.052852 0.372210 4.685424986e-39
-0.030802 0.053635 0.372210 4.960565735e-39
-0.030802 0.054419 0.372210 4.960565735e-39
-0.030791 0.055183 0.372085 5.144238129e-39
-0.030781 0.055947 0.371960 5.052039696e-39
-0.030781 0.056730 0.371960 5.326828720e-39
-0.030781 0.057513 0.371960 5.786727869e-39
-0.030770 0.058276 0.371835 5.603415610e-39
-0.030770 0.059058 0.371835 5.419027152e-39
-0.030770 0.059840 0.371835 5.510143782e-39
-0.030760 0.060602 0.371710 5.786730672e-39
-0.030760 0.061384 0.371710 5.419027152e-39
-0.030760 0.062167 0.371710 5.328629388e-39
-0.030760 0.062949 0.371710 5.420825018e-39
-0.030760 0.063731 0.371710 5.420471891e-39
-0.030139 0.036553 0.373710 6.982402600e-39
-0.030099 0.037289 0.373210 7.532692507e-39
-0.030089 0.038062 0.373085 7.256102814e-39
-0.030079 0.038834 0.372960 7.717083766e-39
-0.030079 0.039618 0.372960 6.980957861e-39
-0.030079 0.040403 0.372960 6.706166035e-39
-0.030079 0.041188 0.372960 6.338462515e-39
-0.030069 0.041958 0.372835 6.430658145e-39
-0.030069 0.042743 0.372835 6.063317562e-39
-0.030059 0.043513 0.372710 5.513020648e-39
-0.030059 0.044297 0.372710 5.420825018e-39
-0.030059 0.045081 0.372710 5.420825018e-39
-0.030049 0.045850 0.372585 5.421543884e-39
-0.030049 0.046634 0.372585 5.421543884e-39
-0.030039 0.047402 0.372460 5.420825018e-39
-0.030039 0.048186 0.372460 5.421543884e-39
-0.030039 0.048969 0.372460 5.328995127e-39
-0.030039 0.049753 0.372460 5.328995127e-39
-0.030028 0.050520 0.372335 5.052408238e-39
-0.030028 0.051303 0.372335 4.593229356e-39
-0.030018 0.052069 0.372210 4.685424986e-39
-0.030018 0.052852 0.372210 4.593229356e-39
-0.030018 0.053635 0.372210 4.960565735e-39
-0.030008 0.054400 0.372085 5.052761365e-39
-0.029998 0.055165 0.371960 5.328629388e-39
-0.029998 0.055947 0.371960 5.144235326e-39
-0.029998 0.056730 0.371960 4.959122398e-39
-0.029988 0.057493 0.371835 5.602336610e-39
-0.029988 0.058276 0.371835 5.603415610e-39
-0.029978 0.059038 0.371710 5.326831523e-39
-0.029978 0.059820 0.371710 5.510143782e-39
-0.029978 0.060602 0.371710 5.602339412e-39
-0.029978 0.061384 0.371710 5.419027152e-39
-0.029978 0.062167 0.371710 5.144238129e-39
-0.029978 0.062949 0.371710 5.420825018e-39
-0.029978 0.063731 0.371710 5.512667521e-39
-0.029324 0.036516 0.373335 6.982402600e-39
-0.029304 0.037277 0.373085 7.440496877e-39
-0.029294 0.038049 0.372960 7.163907185e-39
-0.029294 0.038834 0.372960 7.256102814e-39
-0.029294 0.039618 0.372960 6.980955058e-39
-0.029284 0.040390 0.372835 6.980955058e-39
-0.029284 0.041174 0.372835 6.521774775e-39
-0.029274 0.041944 0.372710 6.246266885e-39
-0.029274 0.042729 0.372710 5.787809672e-39
-0.029274 0.043513 0.372710 5.513020648e-39
-0.029274 0.044297 0.372710 5.513020648e-39
-0.029265 0.045066 0.372585 5.420825018e-39
-0.029265 0.045850 0.372585 5.420825018e-39
-0.029255 0.046618 0.372460 5.329348255e-39
-0.029255 0.047402 0.372460 5.420825018e-39
-0.029255 0.048186 0.372460 5.329348255e-39
-0.029245 0.048953 0.372335 5.329348255e-39
-0.029245 0.049736 0.372335 5.328995127e-39
-0.029245 0.050520 0.372335 5.236799498e-39
-0.029235 0.051286 0.372210 4.593229356e-39
-0.029235 0.052069 0.372210 4.593229356e-39
-0.029235 0.052852 0.372210 4.593229356e-39
-0.029225 0.053617 0.372085 5.052761365e-39
-0.029225 0.054400 0.372085 5.052761365e-39
-0.029216 0.055165 0.371960 5.144238129e-39
-0.029216 0.055947 0.371960 5.144235326e-39
-0.029206 0.056711 0.371835 5.419024350e-39
-0.029206 0.057493 0.371835 5.326828720e-39
-0.029196 0.058256 0.371710 5.602336610e-39
-0.029196 0.059038 0.371710 5.326828720e-39
-0.029196 0.059820 0.371710 5.510143782e-39
-0.029196 0.060602 0.371710 5.603418412e-39
-0.029186 0.061364 0.371585 5.602339412e-39
-0.029186 0.062146 0.371585 5.419027152e-39
-0.029186 0.062927 0.371585 5.695614042e-39
-0.029216 0.063774 0.371960 5.420825018e-39
-0.028519 0.036492 0.373085 6.982402600e-39
-0.028509 0.037264 0.372960 7.440496877e-39
-0.028509 0.038049 0.372960 7.256102814e-39
-0.028509 0.038834 0.372960 7.256102814e-39
-0.028500 0.039605 0.372835 6.888759429e-39
-0.028500 0.040390 0.372835 6.796563799e-39
-0.028490 0.041160 0.372710 6.521774775e-39
-0.028490 0.041944 0.372710 6.430658145e-39
-0.028490 0.042729 0.372710 5.880005302e-39
-0.028490 0.043513 0.372710 5.513020648e-39
-0.028481 0.044282 0.372585 5.420825018e-39
-0.028481 0.045066 0.372585 5.420825018e-39
-0.028471 0.045835 0.372460 5.420825018e-39
-0.028471 0.046618 0.372460 5.329348255e-39
-0.028471 0.047402 0.372460 5.513020648e-39
-0.028462 0.048170 0.372335 5.329348255e-39
-0.028462 0.048953 0.372335 5.237152625e-39
-0.028452 0.049720 0.372210 5.237152625e-39
-0.028452 0.050503 0.372210 5.052408238e-39
-0.028452 0.051286 0.372210 4.960212608e-39
-0.028452 0.052069 0.372210 4.960212608e-39
-0.028443 0.052835 0.372085 4.593229356e-39
-0.028443 0.053617 0.372085 5.052761365e-39
-0.028433 0.054382 0.371960 4.960565735e-39
-0.028433 0.055165 0.371960 5.052042499e-39
-0.028423 0.055929 0.371835 5.052039696e-39
-0.028423 0.056711 0.371835 5.419024350e-39
-0.028414 0.057474 0.371710 5.326828720e-39
-0.028414 0.058256 0.371710 5.419024350e-39
-0.028414 0.059038 0.371710 5.326828720e-39
-0.028414 0.059820 0.371710 5.602336610e-39
-0.028404 0.060582 0.371585 5.419024350e-39
-0.028404 0.061364 0.371585 5.602339412e-39
-0.028404 0.062146 0.371585 5.419027152e-39
-0.028404 0.062927 0.371585 5.603418412e-39
-0.028404 0.063709 0.371585 5.328629388e-39
-0.027818 0.035814 0.374210 6.065139250e-39
-0.027725 0.036479 0.372960 6.890206970e-39
-0.027725 0.037264 0.372960 7.440496877e-39
-0.027725 0.038049 0.372960 7.256102814e-39
-0.027715 0.038821 0.372835 7.256102814e-39
-0.027706 0.039592 0.372710 7.256102814e-39
-0.027706 0.040376 0.372710 6.796563799e-39
-0.027706 0.041160 0.372710 6.521774775e-39
-0.027706 0.041944 0.372710 6.799440664e-39
-0.027697 0.042714 0.372585 5.880005302e-39
-0.027697 0.043498 0.372585 5.420825018e-39
-0.027697 0.044282 0.372585 5.420825018e-39
-0.027687 0.045051 0.372460 5.420825018e-39
-0.027687 0.045835 0.372460 5.328629388e-39
-0.027687 0.046618 0.372460 5.328629388e-39
-0.027678 0.047386 0.372335 5.420825018e-39
-0.027678 0.048170 0.372335 5.421543884e-39
-0.027669 0.048937 0.372210 5.237152625e-39
-0.027669 0.049720 0.372210 5.237152625e-39
-0.027669 0.050503 0.372210 5.052761365e-39
-0.027669 0.051286 0.372210 4.960212608e-39
-0.027660 0.052052 0.372085 5.052761365e-39
-0.027660 0.052835 0.372085 4.593582483e-39
-0.027650 0.053599 0.371960 5.052761365e-39
-0.027650 0.054382 0.371960 4.960565735e-39
-0.027650 0.055165 0.371960 5.052042499e-39
-0.027641 0.055929 0.371835 5.144235326e-39
-0.027632 0.056692 0.371710 5.419024350e-39
-0.027632 0.057474 0.371710 5.326828720e-39
-0.027632 0.058256 0.371710 5.326828720e-39
-0.027622 0.059018 0.371585 5.510140980e-39
-0.027622 0.059800 0.371585 5.602336610e-39
-0.027622 0.060582 0.371585 5.603415610e-39
-0.027622 0.061364 0.371585 5.602336610e-39
-0.027613 0.062125 0.371460 5.419027152e-39
-0.027613 0.062906 0.371460 5.603418412e-39
-0.027613 0.063688 0.371460 5.328629388e-39
-0.027669 0.064600 0.372210 4.779785622e-39
-0.026940 0.035695 0.372960 5.419769841e-39
-0.026940 0.036479 0.372960 6.429228821e-39
-0.026940 0.037264 0.372960 7.257544751e-39
-0.026931 0.038036 0.372835 6.980955058e-39
-0.026922 0.038808 0.372710 6.980955058e-39
-0.026922 0.039592 0.372710 7.256102814e-39
-0.026922 0.040376 0.372710 6.888759429e-39
-0.026922 0.041160 0.372710 6.521774775e-39
-0.026913 0.041930 0.372585 6.430658145e-39
-0.026913 0.042714 0.372585 5.787809672e-39
-0.026904 0.043484 0.372460 5.513020648e-39
-0.026904 0.044267 0.372460 5.420825018e-39
-0.026904 0.045051 0.372460 5.420825018e-39
-0.026904 0.045835 0.372460 5.328629388e-39
-0.026895 0.046603 0.372335 5.328629388e-39
-0.026895 0.047386 0.372335 5.420825018e-39
-0.026886 0.048153 0.372210 5.421543884e-39
-0.026886 0.048937 0.372210 5.052761365e-39
-0.026886 0.049720 0.372210 5.052761365e-39
-0.026877 0.050486 0.372085 5.052761365e-39
-0.026877 0.051269 0.372085 4.960565735e-39
-0.026877 0.052052 0.372085 4.960565735e-39
-0.026868 0.052817 0.371960 4.593582483e-39
-0.026868 0.053599 0.371960 4.685778113e-39
-0.026868 0.054382 0.371960 4.960565735e-39
-0.026859 0.055146 0.371835 4.960565735e-39
-0.026850 0.055910 0.371710 5.144235326e-39
-0.026850 0.056692 0.371710 5.326828720e-39
-0.026850 0.057474 0.371710 5.326828720e-39
-0.026841 0.058236 0.371585 5.510140980e-39
-0.026841 0.059018 0.371585 5.510140980e-39
-0.026841 0.059800 0.371585 5.877484366e-39
-0.026832 0.060562 0.371460 5.602689737e-39
-0.026832 0.061343 0.371460 5.786727869e-39
-0.026832 0.062125 0.371460 5.419027152e-39
-0.026832 0.062906 0.371460 5.695614042e-39
-0.026832 0.063688 0.371460 5.328629388e-39
-0.026859 0.064535 0.371835 4.318807472e-39
-0.026155 0.035695 0.372960 5.694558864e-39
-0.026155 0.036479 0.372960 6.890206970e-39
-0.026146 0.037252 0.372835 7.165349121e-39
-0.026138 0.038023 0.372710 6.980955058e-39
-0.026138 0.038808 0.372710 6.980955058e-39
-0.026138 0.039592 0.372710 6.980955058e-39
-0.026138 0.040376 0.372710 6.980955058e-39
-0.026129 0.041146 0.372585 6.613970405e-39
-0.026129 0.041930 0.372585 6.338462515e-39
-0.026120 0.042700 0.372460 5.880005302e-39
-0.026120 0.043484 0.372460 5.513020648e-39
-0.026120 0.044267 0.372460 5.420825018e-39
-0.026111 0.045036 0.372335 5.420825018e-39
-0.026111 0.045819 0.372335 5.328629388e-39
-0.026111 0.046603 0.372335 5.328629388e-39
-0.026103 0.047370 0.372210 5.420825018e-39
-0.026103 0.048153 0.372210 5.329348255e-39
-0.026103 0.048937 0.372210 5.052761365e-39
-0.026094 0.049703 0.372085 4.960565735e-39
-0.026094 0.050486 0.372085 5.052761365e-39
-0.026085 0.051252 0.371960 4.960565735e-39
-0.026085 0.052034 0.371960 4.960565735e-39
-0.026085 0.052817 0.371960 4.960565735e-39
-0.026085 0.053599 0.371960 4.685778113e-39
-0.026076 0.054364 0.371835 5.052761365e-39
-0.026076 0.055146 0.371835 4.960565735e-39
-0.026068 0.055910 0.371710 5.052039696e-39
-0.026068 0.056692 0.371710 5.510140980e-39
-0.026059 0.057455 0.371585 5.510140980e-39
-0.026059 0.058236 0.371585 5.510140980e-39
-0.026050 0.058998 0.371460 5.510140980e-39
-0.026050 0.059780 0.371460 5.785647468e-39
-0.026050 0.060562 0.371460 5.602689737e-39
-0.026050 0.061343 0.371460 5.602336610e-39
-0.026050 0.062125 0.371460 5.603418412e-39
-0.026050 0.062906 0.371460 5.328629388e-39
-0.026050 0.063688 0.371460 5.329348255e-39
-0.026050 0.064469 0.371460 4.779785622e-39
-0.025379 0.035707 0.373085 5.694558864e-39
-0.025362 0.036467 0.372835 6.982402600e-39
-0.025353 0.037239 0.372710 6.980957861e-39
-0.025353 0.038023 0.372710 6.888759429e-39
-0.025353 0.038808 0.372710 6.980955058e-39
-0.025345 0.039579 0.372585 6.980955058e-39
-0.025345 0.040362 0.372585 6.888759429e-39
-0.025336 0.041133 0.372460 6.521774775e-39
-0.025336 0.041916 0.372460 6.246266885e-39
-0.025336 0.042700 0.372460 5.787809672e-39
-0.025336 0.043484 0.372460 5.420825018e-39
-0.025328 0.044252 0.372335 5.513020648e-39
-0.025328 0.045036 0.372335 5.420825018e-39
-0.025319 0.045804 0.372210 5.328629388e-39
-0.025319 0.046587 0.372210 5.328629388e-39
-0.025319 0.047370 0.372210 5.328629388e-39
-0.025319 0.048153 0.372210 5.052761365e-39
-0.025311 0.048920 0.372085 5.052761365e-39
-0.025311 0.049703 0.372085 4.960565735e-39
-0.025302 0.050469 0.371960 4.960565735e-39
-0.025302 0.051252 0.371960 4.960565735e-39
-0.025302 0.052034 0.371960 4.960565735e-39
-0.025294 0.052799 0.371835 5.052042499e-39
-0.025294 0.053581 0.371835 4.960565735e-39
-0.025285 0.054346 0.371710 5.052761365e-39
-0.025285 0.055128 0.371710 4.960565735e-39
-0.025285 0.055910 0.371710 5.052039696e-39
-0.025277 0.056673 0.371585 5.510140980e-39
-0.025277 0.057455 0.371585 5.510140980e-39
-0.025268 0.058217 0.371460 5.510140980e-39
-0.025268 0.058998 0.371460 5.510140980e-39
-0.025268 0.059780 0.371460 5.785647468e-39
-0.025268 0.060562 0.371460 5.787080997e-39
-0.025260 0.061322 0.371335 5.602336610e-39
-0.025260 0.062104 0.371335 5.603415610e-39
-0.025260 0.062885 0.371335 5.328629388e-39
-0.025260 0.063666 0.371335 5.421543884e-39
-0.025268 0.064469 0.371460 4.595394362e-39
-0.024602 0.035719 0.373210 5.971145754e-39
-0.024569 0.036455 0.372710 6.890206970e-39
-0.024569 0.037239 0.372710 7.165349121e-39
-0.024569 0.038023 0.372710 6.980955058e-39
-0.024561 0.038795 0.372585 6.980955058e-39
-0.024561 0.039579 0.372585 6.888759429e-39
-0.024553 0.040349 0.372460 6.888759429e-39
-0.024553 0.041133 0.372460 6.521774775e-39
-0.024553 0.041916 0.372460 6.246266885e-39
-0.024545 0.042686 0.372335 5.695614042e-39
-0.024545 0.043469 0.372335 5.513020648e-39
-0.024545 0.044252 0.372335 5.420825018e-39
-0.024536 0.045021 0.372210 5.420825018e-39
-0.024536 0.045804 0.372210 5.420825018e-39
-0.024536 0.046587 0.372210 5.328629388e-39
-0.024528 0.047354 0.372085 5.328629388e-39
-0.024528 0.048137 0.372085 5.052761365e-39
-0.024520 0.048904 0.371960 5.052761365e-39
-0.024520 0.049686 0.371960 5.052761365e-39
-0.024520 0.050469 0.371960 4.960565735e-39
-0.024520 0.051252 0.371960 5.052042499e-39
-0.024512 0.052017 0.371835 5.328629388e-39
-0.024512 0.052799 0.371835 5.144238129e-39
-0.024503 0.053563 0.371710 4.960565735e-39
-0.024503 0.054346 0.371710 5.052761365e-39
-0.024503 0.055128 0.371710 4.960565735e-39
-0.024495 0.055891 0.371585 5.052039696e-39
-0.024495 0.056673 0.371585 5.326828720e-39
-0.024487 0.057435 0.371460 5.510140980e-39
-0.024487 0.058217 0.371460 5.971119129e-39
-0.024487 0.058998 0.371460 5.510494107e-39
-0.024479 0.059760 0.371335 5.785641863e-39
-0.024479 0.060541 0.371335 5.602689737e-39
-0.024479 0.061322 0.371335 5.602336610e-39
-0.024479 0.062104 0.371335 5.786727869e-39
-0.024479 0.062885 0.371335 5.603418412e-39
-0.024479 0.063666 0.371335 5.420825018e-39
-0.024495 0.064491 0.371585 4.779785622e-39
-0.023833 0.035743 0.373460 5.696356730e-39
-0.023785 0.036455 0.372710 6.982402600e-39
-0.023785 0.037239 0.372710 7.165349121e-39
-0.023777 0.038011 0.372585 7.256102814e-39
-0.023777 0.038795 0.372585 7.163907185e-39
-0.023769 0.039565 0.372460 6.980955058e-39
-0.023769 0.040349 0.372460 6.888759429e-39
-0.023769 0.041133 0.372460 6.521774775e-39
-0.023761 0.041902 0.372335 6.707245035e-39
-0.023761 0.042686 0.372335 5.880005302e-39
-0.023753 0.043454 0.372210 5.880005302e-39
-0.023753 0.044238 0.372210 5.787809672e-39
-0.023753 0.045021 0.372210 5.420825018e-39
-0.023753 0.045804 0.372210 5.420825018e-39
-0.023745 0.046571 0.372085 5.144238129e-39
-0.023745 0.047354 0.372085 5.328626586e-39
-0.023737 0.048121 0.371960 5.144238129e-39
-0.023737 0.048904 0.371960 5.052761365e-39
-0.023737 0.049686 0.371960 5.052761365e-39
-0.023729 0.050452 0.371835 5.052042499e-39
-0.023729 0.051234 0.371835 5.052042499e-39
-0.023721 0.051999 0.371710 5.144238129e-39
-0.023721 0.052781 0.371710 5.419027152e-39
-0.023721 0.053563 0.371710 5.052761365e-39
-0.023721 0.054346 0.371710 4.960565735e-39
-0.023713 0.055109 0.371585 4.960565735e-39
-0.023705 0.055872 0.371460 5.052039696e-39
-0.023705 0.056654 0.371460 5.326828720e-39
-0.023705 0.057435 0.371460 5.510140980e-39
-0.023697 0.058197 0.371335 5.510140980e-39
-0.023697 0.058979 0.371335 5.510494107e-39
-0.023697 0.059760 0.371335 5.785641863e-39
-0.023689 0.060521 0.371210 5.602689737e-39
-0.023689 0.061302 0.371210 5.786727869e-39
-0.023689 0.062083 0.371210 5.786727869e-39
-0.023689 0.062864 0.371210 5.419024350e-39
-0.023689 0.063645 0.371210 5.420825018e-39
-0.023721 0.064513 0.371710 4.318807472e-39
-0.023001 0.036455 0.372710 6.982402600e-39
-0.022993 0.037227 0.372585 7.165349121e-39
-0.022993 0.038011 0.372585 7.256102814e-39
-0.022985 0.038782 0.372460 7.256102814e-39
-0.022985 0.039565 0.372460 6.888759429e-39
-0.022985 0.040349 0.372460 6.888759429e-39
-0.022978 0.041119 0.372335 6.338462515e-39
-0.022978 0.041902 0.372335 6.246266885e-39
-0.022970 0.042671 0.372210 5.971121932e-39
-0.022970 0.043454 0.372210 5.880005302e-39
-0.022970 0.044238 0.372210 5.880005302e-39
-0.022962 0.045006 0.372085 5.513020648e-39
-0.022962 0.045789 0.372085 5.328629388e-39
-0.022955 0.046556 0.371960 5.144238129e-39
-0.022955 0.047338 0.371960 5.328626586e-39
-0.022955 0.048121 0.371960 5.052039696e-39
-0.022947 0.048887 0.371835 5.052042499e-39
-0.022947 0.049670 0.371835 5.144238129e-39
-0.022939 0.050435 0.371710 5.052042499e-39
-0.022939 0.051217 0.371710 4.775455609e-39
-0.022939 0.051999 0.371710 5.144238129e-39
-0.022939 0.052781 0.371710 5.326831523e-39
-0.022931 0.053545 0.371585 4.960565735e-39
-0.022931 0.054327 0.371585 4.960565735e-39
-0.022924 0.055091 0.371460 4.960565735e-39
-0.022924 0.055872 0.371460 5.052039696e-39
-0.022924 0.056654 0.371460 5.326828720e-39
-0.022916 0.057416 0.371335 5.418304082e-39
-0.022916 0.058197 0.371335 5.602336610e-39
-0.022908 0.058959 0.371210 5.510494107e-39
-0.022908 0.059740 0.371210 5.510494107e-39
-0.022908 0.060521 0.371210 5.602336610e-39
-0.022908 0.061302 0.371210 5.602336610e-39
-0.022908 0.062083 0.371210 5.602336610e-39
-0.022908 0.062864 0.371210 5.419024350e-39
-0.022908 0.063645 0.371210 5.420825018e-39
-0.023009 0.064708 0.372835 4.042220583e-39
-0.022209 0.036443 0.372585 6.890206970e-39
-0.022209 0.037227 0.372585 6.980957861e-39
-0.022202 0.037998 0.372460 7.163907185e-39
-0.022202 0.038782 0.372460 7.256102814e-39
-0.022202 0.039565 0.372460 6.980955058e-39
-0.022194 0.040335 0.372335 6.613970405e-39
-0.022194 0.041119 0.372335 6.338462515e-39
-0.022187 0.041888 0.372210 6.063314759e-39
-0.022187 0.042671 0.372210 5.878926302e-39
-0.022187 0.043454 0.372210 5.787809672e-39
-0.022179 0.044223 0.372085 5.787809672e-39
-0.022172 0.044991 0.371960 5.420825018e-39
-0.022172 0.045773 0.371960 5.328629388e-39
-0.022172 0.046556 0.371960 5.603418412e-39
-0.022172 0.047338 0.371960 5.328626586e-39
-0.022164 0.048105 0.371835 5.144235326e-39
-0.022164 0.048887 0.371835 5.052039696e-39
-0.022157 0.049653 0.371710 5.052042499e-39
-0.022157 0.050435 0.371710 5.144238129e-39
-0.022157 0.051217 0.371710 5.144238129e-39
-0.022150 0.051982 0.371585 5.144238129e-39
-0.022150 0.052764 0.371585 5.326831523e-39
-0.022142 0.053527 0.371460 4.960565735e-39
-0.022142 0.054309 0.371460 4.960565735e-39
-0.022142 0.055091 0.371460 4.960565735e-39
-0.022135 0.055853 0.371335 5.052039696e-39
-0.022135 0.056635 0.371335 5.052039696e-39
-0.022127 0.057397 0.371210 5.326828720e-39
-0.022127 0.058178 0.371210 5.326828720e-39
-0.022127 0.058959 0.371210 5.142787785e-39
-0.022127 0.059740 0.371210 5.510494107e-39
-0.022127 0.060521 0.371210 5.510140980e-39
-0.022127 0.061302 0.371210 5.510140980e-39
-0.022127 0.062083 0.371210 5.602336610e-39
-0.022127 0.062864 0.371210 5.603415610e-39
-0.022127 0.063645 0.371210 5.420825018e-39
-0.021425 0.036443 0.372585 6.705815710e-39
-0.021418 0.037214 0.372460 6.980957861e-39
-0.021418 0.037998 0.372460 7.163907185e-39
-0.021418 0.038782 0.372460 7.163907185e-39
-0.021411 0.039552 0.372335 6.888759429e-39
-0.021411 0.040335 0.372335 6.338462515e-39
-0.021404 0.041105 0.372210 6.154071255e-39
-0.021404 0.041888 0.372210 5.971119129e-39
-0.021404 0.042671 0.372210 5.878926302e-39
-0.021396 0.043440 0.372085 5.695614042e-39
-0.021389 0.044208 0.371960 5.603418412e-39
-0.021389 0.044991 0.371960 5.328629388e-39
-0.021389 0.045773 0.371960 5.603418412e-39
-0.021382 0.046540 0.371835 5.419024350e-39
-0.021382 0.047322 0.371835 5.419024350e-39
-0.021375 0.048089 0.371710 5.419024350e-39
-0.021375 0.048871 0.371710 5.603415610e-39
-0.021375 0.049653 0.371710 5.144238129e-39
-0.021368 0.050418 0.371585 5.144238129e-39
-0.021368 0.051200 0.371585 5.144238129e-39
-0.021361 0.051964 0.371460 5.052042499e-39
-0.021361 0.052746 0.371460 5.052042499e-39
-0.021361 0.053527 0.371460 5.052761365e-39
-0.021361 0.054309 0.371460 4.960565735e-39
-0.021353 0.055072 0.371335 4.960565735e-39
-0.021353 0.055853 0.371335 5.052039696e-39
-0.021346 0.056616 0.371210 5.052039696e-39
-0.021346 0.057397 0.371210 5.326828720e-39
-0.021346 0.058178 0.371210 5.326828720e-39
-0.021346 0.058959 0.371210 5.510494107e-39
-0.021346 0.059740 0.371210 5.510494107e-39
-0.021346 0.060521 0.371210 5.602336610e-39
-0.021346 0.061302 0.371210 5.602336610e-39
-0.021346 0.062083 0.371210 5.878923499e-39
-0.021346 0.062864 0.371210 5.972198129e-39
-0.021346 0.063645 0.371210 5.328629388e-39
-0.020634 0.036431 0.372460 6.706894710e-39
-0.020634 0.037214 0.372460 7.165349121e-39
-0.020634 0.037998 0.372460 7.165346318e-39
-0.020627 0.038769 0.372335 7.163907185e-39
-0.020627 0.039552 0.372335 6.888759429e-39
-0.020621 0.040322 0.372210 6.338462515e-39
-0.020621 0.041105 0.372210 5.785647468e-39
-0.020621 0.041888 0.372210 6.063317562e-39
-0.020614 0.042657 0.372085 5.878926302e-39
-0.020607 0.043425 0.371960 5.695614042e-39
-0.020607 0.044208 0.371960 5.603418412e-39
-0.020607 0.044991 0.371960 5.603418412e-39
-0.020600 0.045758 0.371835 5.695611239e-39
-0.020593 0.046524 0.371710 5.603415610e-39
-0.020593 0.047307 0.371710 5.419024350e-39
-0.020593 0.048089 0.371710 5.419024350e-39
-0.020586 0.048854 0.371585 5.326828720e-39
-0.020586 0.049636 0.371585 5.328629388e-39
-0.020579 0.050401 0.371460 5.052042499e-39
-0.020579 0.051183 0.371460 5.144238129e-39
-0.020579 0.051964 0.371460 5.144238129e-39
-0.020579 0.052746 0.371460 5.052042499e-39
-0.020572 0.053509 0.371335 5.052761365e-39
-0.020572 0.054291 0.371335 4.960565735e-39
-0.020565 0.055053 0.371210 4.960565735e-39
-0.020565 0.055835 0.371210 5.052039696e-39
-0.020565 0.056616 0.371210 5.326828720e-39
-0.020565 0.057397 0.371210 5.326828720e-39
-0.020565 0.058178 0.371210 5.326828720e-39
-0.020558 0.058939 0.371085 5.510494107e-39
-0.020558 0.059720 0.371085 5.510494107e-39
-0.020558 0.060500 0.371085 5.510140980e-39
-0.020558 0.061281 0.371085 5.602336610e-39
-0.020558 0.062062 0.371085 5.786727869e-39
-0.020558 0.062843 0.371085 5.603415610e-39
-0.020558 0.063624 0.371085 5.328629388e-39
-0.019851 0.036431 0.372460 6.245916561e-39
-0.019851 0.037214 0.372460 7.257544751e-39
-0.019844 0.037985 0.372335 7.165346318e-39
-0.019844 0.038769 0.372335 7.256102814e-39
-0.019837 0.039539 0.372210 6.888759429e-39
-0.019837 0.040322 0.372210 6.430658145e-39
-0.019837 0.041105 0.372210 6.246266885e-39
-0.019831 0.041874 0.372085 5.971121932e-39
-0.019824 0.042643 0.371960 5.878926302e-39
-0.019824 0.043425 0.371960 5.603418412e-39
-0.019824 0.044208 0.371960 5.695614042e-39
-0.019817 0.044975 0.371835 5.695611239e-39
-0.019817 0.045758 0.371835 5.603415610e-39
-0.019811 0.046524 0.371710 5.603415610e-39
-0.019811 0.047307 0.371710 5.603415610e-39
-0.019804 0.048073 0.371585 5.419024350e-39
-0.019804 0.048854 0.371585 5.326828720e-39
-0.019797 0.049620 0.371460 5.326831523e-39
-0.019797 0.050401 0.371460 5.326831523e-39
-0.019797 0.051183 0.371460 5.419027152e-39
-0.019791 0.051947 0.371335 5.326831523e-39
-0.019791 0.052728 0.371335 5.052042499e-39
-0.019784 0.053491 0.371210 4.960565735e-39
-0.019784 0.054272 0.371210 4.960565735e-39
-0.019784 0.055053 0.371210 4.960565735e-39
-0.019784 0.055835 0.371210 5.052039696e-39
-0.019784 0.056616 0.371210 5.326828720e-39
-0.019777 0.057377 0.371085 5.326828720e-39
-0.019777 0.058158 0.371085 5.326828720e-39
-0.019777 0.058939 0.371085 5.510494107e-39
-0.019777 0.059720 0.371085 5.510494107e-39
-0.019777 0.060500 0.371085 5.510140980e-39
-0.019777 0.061281 0.371085 5.602336610e-39
-0.019777 0.062062 0.371085 5.786727869e-39
-0.019777 0.062843 0.371085 5.603415610e-39
-0.019777 0.063624 0.371085 5.144238129e-39
-0.019067 0.036431 0.372460 6.799090340e-39
-0.019061 0.037202 0.372335 6.706168837e-39
-0.019061 0.037985 0.372335 6.980955058e-39
-0.019054 0.038756 0.372210 6.980955058e-39
-0.019054 0.039539 0.372210 6.980955058e-39
-0.019054 0.040322 0.372210 6.522853775e-39
-0.019048 0.041091 0.372085 6.338465318e-39
-0.019048 0.041874 0.372085 6.063317562e-39
-0.019041 0.042643 0.371960 5.878926302e-39
-0.019041 0.043425 0.371960 5.695614042e-39
-0.019035 0.044193 0.371835 5.878926302e-39
-0.019029 0.044960 0.371710 5.786727869e-39
-0.019029 0.045742 0.371710 5.603415610e-39
-0.019029 0.046524 0.371710 5.695611239e-39
-0.019022 0.047291 0.371585 5.419024350e-39
-0.019016 0.048056 0.371460 5.326828720e-39
-0.019016 0.048838 0.371460 5.880002499e-39
-0.019016 0.049620 0.371460 5.419027152e-39
-0.019009 0.050384 0.371335 5.419027152e-39
-0.019009 0.051165 0.371335 5.326831523e-39
-0.019003 0.051929 0.371210 5.419027152e-39
-0.019003 0.052710 0.371210 5.419027152e-39
-0.019003 0.053491 0.371210 5.052761365e-39
-0.019003 0.054272 0.371210 5.052761365e-39
-0.019003 0.055053 0.371210 4.960565735e-39
-0.018997 0.055816 0.371085 5.052039696e-39
-0.018997 0.056596 0.371085 5.326828720e-39
-0.018990 0.057358 0.370960 5.326828720e-39
-0.018990 0.058138 0.370960 5.326828720e-39
-0.018990 0.058919 0.370960 5.510140980e-39
-0.018990 0.059700 0.370960 5.418304082e-39
-0.018990 0.060480 0.370960 5.510140980e-39
-0.018990 0.061261 0.370960 5.602336610e-39
-0.018990 0.062041 0.370960 5.786727869e-39
-0.018990 0.062822 0.370960 5.419024350e-39
-0.018997 0.063624 0.371085 5.328629388e-39
-0.018277 0.037202 0.372335 6.706168837e-39
-0.018271 0.037972 0.372210 6.980955058e-39
-0.018271 0.038756 0.372210 6.888759429e-39
-0.018271 0.039539 0.372210 6.521774775e-39
-0.018265 0.040308 0.372085 6.430658145e-39
-0.018265 0.041091 0.372085 6.246269688e-39
-0.018259 0.041860 0.371960 5.971121932e-39
-0.018259 0.042643 0.371960 5.878926302e-39
-0.018253 0.043411 0.371835 5.603418412e-39
-0.018253 0.044193 0.371835 5.878926302e-39
-0.018247 0.044960 0.371710 5.786727869e-39
-0.018247 0.045742 0.371710 5.603415610e-39
-0.018240 0.046509 0.371585 5.695611239e-39
-0.018234 0.047275 0.371460 5.603415610e-39
-0.018234 0.048056 0.371460 5.419024350e-39
-0.018234 0.048838 0.371460 5.419024350e-39
-0.018228 0.049603 0.371335 5.326828720e-39
-0.018222 0.050367 0.371210 5.326831523e-39
-0.018222 0.051148 0.371210 5.326831523e-39
-0.018222 0.051929 0.371210 5.419024350e-39
-0.018222 0.052710 0.371210 5.326831523e-39
-0.018222 0.053491 0.371210 5.052761365e-39
-0.018216 0.054254 0.371085 4.960565735e-39
-0.018216 0.055035 0.371085 4.960565735e-39
-0.018216 0.055816 0.371085 5.144235326e-39
-0.018210 0.056577 0.370960 5.326828720e-39
-0.018210 0.057358 0.370960 5.326828720e-39
-0.018210 0.058138 0.370960 5.326828720e-39
-0.018210 0.058919 0.370960 5.510140980e-39
-0.018210 0.059700 0.370960 5.602336610e-39
-0.018210 0.060480 0.370960 5.602336610e-39
-0.018210 0.061261 0.370960 5.602336610e-39
-0.018210 0.062041 0.370960 5.602336610e-39
-0.018210 0.062822 0.370960 5.603415610e-39
-0.018210 0.063602 0.370960 5.144238129e-39
-0.017494 0.037202 0.372335 6.706168837e-39
-0.017488 0.037972 0.372210 6.888759429e-39
-0.017488 0.038756 0.372210 6.888759429e-39
-0.017482 0.039525 0.372085 6.613970405e-39
-0.017482 0.040308 0.372085 6.430658145e-39
-0.017476 0.041077 0.371960 6.246269688e-39
-0.017476 0.041860 0.371960 6.063317562e-39
-0.017470 0.042628 0.371835 5.878926302e-39
-0.017470 0.043411 0.371835 5.603418412e-39
-0.017464 0.044178 0.371710 5.786730672e-39
-0.017464 0.044960 0.371710 5.786727869e-39
-0.017459 0.045727 0.371585 5.603415610e-39
-0.017453 0.046493 0.371460 5.695611239e-39
-0.017453 0.047275 0.371460 5.603415610e-39
-0.017447 0.048040 0.371335 5.419024350e-39
-0.017447 0.048821 0.371335 5.419024350e-39
-0.017441 0.049586 0.371210 5.419024350e-39
-0.017441 0.050367 0.371210 5.419024350e-39
-0.017441 0.051148 0.371210 5.419024350e-39
-0.017435 0.051912 0.371085 5.419024350e-39
-0.017435 0.052693 0.371085 5.419024350e-39
-0.017435 0.053473 0.371085 4.960562933e-39
-0.017429 0.054236 0.370960 4.960565735e-39
-0.017429 0.055016 0.370960 4.960565735e-39
-0.017429 0.055797 0.370960 5.052039696e-39
-0.017429 0.056577 0.370960 5.326828720e-39
-0.017429 0.057358 0.370960 5.326828720e-39
-0.017429 0.058138 0.370960 5.326828720e-39
-0.017429 0.058919 0.370960 5.510140980e-39
-0.017429 0.059700 0.370960 5.602336610e-39
-0.017429 0.060480 0.370960 5.510140980e-39
-0.017429 0.061261 0.370960 6.061875626e-39
-0.017429 0.062041 0.370960 5.602336610e-39
-0.017429 0.062822 0.370960 5.602336610e-39
-0.017429 0.063602 0.370960 5.328629388e-39
-0.016710 0.036418 0.372335 6.430307820e-39
-0.016705 0.037189 0.372210 6.613973207e-39
-0.016705 0.037972 0.372210 6.888759429e-39
-0.016699 0.038743 0.372085 6.888759429e-39
-0.016699 0.039525 0.372085 6.521774775e-39
-0.016694 0.040295 0.371960 6.246266885e-39
-0.016694 0.041077 0.371960 6.154074058e-39
-0.016694 0.041860 0.371960 5.971121932e-39
-0.016688 0.042628 0.371835 5.878923499e-39
-0.016682 0.043396 0.371710 5.878926302e-39
-0.016682 0.044178 0.371710 5.878923499e-39
-0.016677 0.044945 0.371585 5.878923499e-39
-0.016671 0.045712 0.371460 5.603415610e-39
-0.016671 0.046493 0.371460 5.695611239e-39
-0.016665 0.047259 0.371335 5.878923499e-39
-0.016665 0.048040 0.371335 5.603415610e-39
-0.016660 0.048805 0.371210 5.419024350e-39
-0.016660 0.049586 0.371210 5.603415610e-39
-0.016654 0.050350 0.371085 5.419024350e-39
-0.016654 0.051131 0.371085 5.326828720e-39
-0.016649 0.051894 0.370960 5.419024350e-39
-0.016649 0.052675 0.370960 5.326828720e-39
-0.016649 0.053455 0.370960 5.052039696e-39
-0.016649 0.054236 0.370960 4.960565735e-39
-0.016649 0.055016 0.370960 4.960565735e-39
-0.016649 0.055797 0.370960 5.052039696e-39
-0.016643 0.056558 0.370835 5.326828720e-39
-0.016643 0.057339 0.370835 5.326828720e-39
-0.016643 0.058119 0.370835 5.326828720e-39
-0.016643 0.058899 0.370835 5.602336610e-39
-0.016643 0.059679 0.370835 5.602336610e-39
-0.016643 0.060460 0.370835 5.877484366e-39
-0.016643 0.061240 0.370835 6.061875626e-39
-0.016643 0.062020 0.370835 5.786727869e-39
-0.016643 0.062800 0.370835 5.786727869e-39
-0.016649 0.063602 0.370960 5.420825018e-39
-0.015922 0.036406 0.372210 6.430307820e-39
-0.015922 0.037189 0.372210 6.521777578e-39
-0.015922 0.037972 0.372210 6.704368169e-39
-0.015916 0.038743 0.372085 6.704368169e-39
-0.015911 0.039512 0.371960 6.521774775e-39
-0.015911 0.040295 0.371960 6.246266885e-39
-0.015911 0.041077 0.371960 6.246266885e-39
-0.015906 0.041846 0.371835 6.246266885e-39
-0.015900 0.042614 0.371710 6.246266885e-39
-0.015900 0.043396 0.371710 6.154071255e-39
-0.015895 0.044163 0.371585 5.971119129e-39
-0.015890 0.044930 0.371460 5.878923499e-39
-0.015890 0.045712 0.371460 5.695611239e-39
-0.015884 0.046478 0.371335 5.603415610e-39
-0.015884 0.047259 0.371335 5.786727869e-39
-0.015879 0.048024 0.371210 5.878923499e-39
-0.015879 0.048805 0.371210 5.786727869e-39
-0.015873 0.049569 0.371085 5.602336610e-39
-0.015868 0.050333 0.370960 5.419024350e-39
-0.015868 0.051114 0.370960 5.510140980e-39
-0.015868 0.051894 0.370960 5.602336610e-39
-0.015868 0.052675 0.370960 5.419024350e-39
-0.015868 0.053455 0.370960 5.052039696e-39
-0.015863 0.054218 0.370835 5.052039696e-39
-0.015863 0.054998 0.370835 5.052039696e-39
-0.015863 0.055778 0.370835 5.052039696e-39
-0.015863 0.056558 0.370835 5.419024350e-39
-0.015857 0.057319 0.370710 5.510140980e-39
-0.015857 0.058099 0.370710 5.510140980e-39
-0.015857 0.058879 0.370710 5.785647468e-39
-0.015857 0.059659 0.370710 5.785647468e-39
-0.015857 0.060439 0.370710 6.061149753e-39
-0.015857 0.061219 0.370710 6.061149753e-39
-0.015857 0.061999 0.370710 5.786727869e-39
-0.015863 0.062800 0.370835 5.786727869e-39
-0.015863 0.063581 0.370835 5.328629388e-39
-0.015138 0.036406 0.372210 6.062964434e-39
-0.015138 0.037189 0.372210 6.982755727e-39
-0.015133 0.037960 0.372085 6.612172539e-39
-0.015128 0.038730 0.371960 6.704368169e-39
-0.015128 0.039512 0.371960 6.521774775e-39
-0.015128 0.040295 0.371960 6.246266885e-39
-0.015123 0.041064 0.371835 6.154071255e-39
-0.015123 0.041846 0.371835 6.246266885e-39
-0.015118 0.042614 0.371710 6.154071255e-39
-0.015113 0.043381 0.371585 6.154071255e-39
-0.015113 0.044163 0.371585 6.154071255e-39
-0.015108 0.044930 0.371460 5.971119129e-39
-0.015108 0.045712 0.371460 5.787806869e-39
-0.015103 0.046478 0.371335 5.878923499e-39
-0.015098 0.047243 0.371210 5.786727869e-39
-0.015098 0.048024 0.371210 5.878923499e-39
-0.015093 0.048789 0.371085 5.786727869e-39
-0.015088 0.049553 0.370960 5.602336610e-39
-0.015088 0.050333 0.370960 5.419024350e-39
-0.015088 0.051114 0.370960 5.510140980e-39
-0.015083 0.051877 0.370835 5.602336610e-39
-0.015083 0.052657 0.370835 5.419024350e-39
-0.015083 0.053437 0.370835 5.052039696e-39
-0.015077 0.054199 0.370710 5.052039696e-39
-0.015077 0.054979 0.370710 5.052039696e-39
-0.015077 0.055759 0.370710 5.052039696e-39
-0.015077 0.056539 0.370710 5.326828720e-39
-0.015077 0.057319 0.370710 5.510140980e-39
-0.015077 0.058099 0.370710 5.785647468e-39
-0.015077 0.058879 0.370710 5.785647468e-39
-0.015077 0.059659 0.370710 5.877484366e-39
-0.015077 0.060439 0.370710 6.245541013e-39
-0.015077 0.061219 0.370710 6.245541013e-39
-0.015077 0.061999 0.370710 6.062228753e-39
-0.015083 0.062800 0.370835 5.878923499e-39
-0.015083 0.063581 0.370835 5.420825018e-39
-0.014355 0.036406 0.372210 6.062964434e-39
-0.014350 0.037177 0.372085 6.338465318e-39
-0.014350 0.037960 0.372085 6.704368169e-39
-0.014346 0.038730 0.371960 6.888759429e-39
-0.014346 0.039512 0.371960 6.429579145e-39
-0.014346 0.040295 0.371960 6.154071255e-39
-0.014341 0.041064 0.371835 6.154071255e-39
-0.014336 0.041832 0.371710 6.246266885e-39
-0.014336 0.042614 0.371710 6.246266885e-39
-0.014331 0.043381 0.371585 6.154071255e-39
-0.014326 0.044148 0.371460 6.154071255e-39
-0.014326 0.044930 0.371460 5.878923499e-39
-0.014322 0.045696 0.371335 5.971119129e-39
-0.014317 0.046462 0.371210 5.877484366e-39
-0.014317 0.047243 0.371210 5.786727869e-39
-0.014312 0.048008 0.371085 5.602336610e-39
-0.014307 0.048772 0.370960 5.877484366e-39
-0.014307 0.049553 0.370960 5.785647468e-39
-0.014302 0.050316 0.370835 5.510140980e-39
-0.014302 0.051097 0.370835 5.602336610e-39
-0.014297 0.051859 0.370710 5.602336610e-39
-0.014297 0.052639 0.370710 5.419024350e-39
-0.014297 0.053419 0.370710 5.144235326e-39
-0.014297 0.054199 0.370710 5.326828720e-39
-0.014297 0.054979 0.370710 5.326828720e-39
-0.014297 0.055759 0.370710 5.052039696e-39
-0.014297 0.056539 0.370710 5.510140980e-39
-0.014293 0.057300 0.370585 5.877484366e-39
-0.014293 0.058080 0.370585 5.785647468e-39
-0.014293 0.058859 0.370585 5.785647468e-39
-0.014293 0.059639 0.370585 6.061155358e-39
-0.014293 0.060419 0.370585 6.061149753e-39
-0.014293 0.061199 0.370585 6.061149753e-39
-0.014297 0.061999 0.370710 6.062228753e-39
-0.014297 0.062779 0.370710 5.878923499e-39
-0.014297 0.063559 0.370710 5.328629388e-39
-0.013572 0.036406 0.372210 6.062964434e-39
-0.013568 0.037177 0.372085 6.338465318e-39
-0.013563 0.037947 0.371960 6.796563799e-39
-0.013563 0.038730 0.371960 6.796563799e-39
-0.013563 0.039512 0.371960 6.429579145e-39
-0.013558 0.040281 0.371835 6.246266885e-39
-0.013554 0.041050 0.371710 6.154071255e-39
-0.013554 0.041832 0.371710 6.246266885e-39
-0.013549 0.042600 0.371585 6.338462515e-39
-0.013545 0.043367 0.371460 6.154071255e-39
-0.013545 0.044148 0.371460 6.338462515e-39
-0.013540 0.044915 0.371335 6.154071255e-39
-0.013536 0.045681 0.371210 5.878923499e-39
-0.013536 0.046462 0.371210 6.061875626e-39
-0.013531 0.047227 0.371085 5.786727869e-39
-0.013527 0.047992 0.370960 5.786727869e-39
-0.013527 0.048772 0.370960 6.061875626e-39
-0.013522 0.049536 0.370835 5.510136776e-39
-0.013522 0.050316 0.370835 5.602336610e-39
-0.013517 0.051079 0.370710 5.786727869e-39
-0.013517 0.051859 0.370710 5.510140980e-39
-0.013517 0.052639 0.370710 5.419024350e-39
-0.013513 0.053401 0.370585 5.419024350e-39
-0.013513 0.054181 0.370585 5.326828720e-39
-0.013513 0.054961 0.370585 5.326828720e-39
-0.013513 0.055741 0.370585 5.144235326e-39
-0.013513 0.056520 0.370585 5.602336610e-39
-0.013513 0.057300 0.370585 5.877484366e-39
-0.013508 0.058060 0.370460 5.785647468e-39
-0.013513 0.058859 0.370585 5.234626084e-39
-0.013508 0.059619 0.370460 5.969318461e-39
-0.013513 0.060419 0.370585 6.061149753e-39
-0.013513 0.061199 0.370585 6.245541013e-39
-0.013513 0.061978 0.370585 6.061149753e-39
-0.013513 0.062758 0.370585 5.878923499e-39
-0.013517 0.063559 0.370710 5.420825018e-39
-0.012785 0.036394 0.372085 5.970768805e-39
-0.012780 0.037164 0.371960 6.246269688e-39
-0.012780 0.037947 0.371960 6.704368169e-39
-0.012780 0.038730 0.371960 6.704368169e-39
-0.012776 0.039499 0.371835 6.337383515e-39
-0.012772 0.040268 0.371710 6.154071255e-39
-0.012772 0.041050 0.371710 6.154071255e-39
-0.012768 0.041818 0.371585 6.429579145e-39
-0.012763 0.042585 0.371460 6.429579145e-39
-0.012763 0.043367 0.371460 6.246266885e-39
-0.012759 0.044134 0.371335 6.246266885e-39
-0.012755 0.044900 0.371210 6.246266885e-39
-0.012755 0.045681 0.371210 6.154071255e-39
-0.012750 0.046446 0.371085 6.245187885e-39
-0.012746 0.047211 0.370960 6.061875626e-39
-0.012746 0.047992 0.370960 6.061875626e-39
-0.012742 0.048756 0.370835 6.061875626e-39
-0.012742 0.049536 0.370835 6.061875626e-39
-0.012737 0.050299 0.370710 5.786727869e-39
-0.012737 0.051079 0.370710 5.786727869e-39
-0.012733 0.051842 0.370585 5.602336610e-39
-0.012733 0.052622 0.370585 5.602336610e-39
-0.012733 0.053401 0.370585 5.510140980e-39
-0.012729 0.054163 0.370460 5.602336610e-39
-0.012729 0.054942 0.370460 5.602336610e-39
-0.012729 0.055722 0.370460 5.419024350e-39
-0.012729 0.056501 0.370460 5.602336610e-39
-0.012729 0.057281 0.370460 5.877484366e-39
-0.012729 0.058060 0.370460 5.969318461e-39
-0.012729 0.058840 0.370460 5.969318461e-39
-0.012729 0.059619 0.370460 6.061155358e-39
-0.012729 0.060399 0.370460 6.061149753e-39
-0.012729 0.061178 0.370460 6.520330036e-39
-0.012729 0.061957 0.370460 6.245541013e-39
-0.012733 0.062758 0.370585 6.154424383e-39
-0.012733 0.063538 0.370585 5.144238129e-39
-0.012002 0.036394 0.372085 6.245916561e-39
-0.011998 0.037164 0.371960 6.521777578e-39
-0.011998 0.037947 0.371960 6.796563799e-39
-0.011994 0.038716 0.371835 6.796563799e-39
-0.011994 0.039499 0.371835 6.521774775e-39
-0.011990 0.040268 0.371710 6.246266885e-39
-0.011990 0.041050 0.371710 6.429579145e-39
-0.011986 0.041818 0.371585 6.521774775e-39
-0.011982 0.042585 0.371460 6.429579145e-39
-0.011982 0.043367 0.371460 6.429579145e-39
-0.011978 0.044134 0.371335 6.246266885e-39
-0.011974 0.044900 0.371210 6.154071255e-39
-0.011970 0.045665 0.371085 6.337383515e-39
-0.011966 0.046431 0.370960 6.337383515e-39
-0.011966 0.047211 0.370960 6.245187885e-39
-0.011961 0.047976 0.370835 6.061875626e-39
-0.011961 0.048756 0.370835 6.062228753e-39
-0.011957 0.049519 0.370710 6.061875626e-39
-0.011957 0.050299 0.370710 5.786727869e-39
-0.011953 0.051062 0.370585 5.786727869e-39
-0.011953 0.051842 0.370585 5.602336610e-39
-0.011949 0.052604 0.370460 5.602336610e-39
-0.011949 0.053383 0.370460 5.786727869e-39
-0.011949 0.054163 0.370460 5.602336610e-39
-0.011949 0.054942 0.370460 5.877484366e-39
-0.011949 0.055722 0.370460 5.510140980e-39
-0.011949 0.056501 0.370460 5.602336610e-39
-0.011949 0.057281 0.370460 5.785641863e-39
-0.011949 0.058060 0.370460 5.969318461e-39
-0.011949 0.058840 0.370460 5.969318461e-39
-0.011949 0.059619 0.370460 6.061155358e-39
-0.011949 0.060399 0.370460 6.245541013e-39
-0.011949 0.061178 0.370460 6.520330036e-39
-0.011949 0.061957 0.370460 6.245541013e-39
-0.011949 0.062737 0.370460 6.154424383e-39
-0.011949 0.063516 0.370460 5.144238129e-39
-0.011279 0.035802 0.374085 5.327927338e-39
-0.011215 0.036382 0.371960 6.338112190e-39
-0.011215 0.037164 0.371960 6.521777578e-39
-0.011211 0.037934 0.371835 6.704368169e-39
-0.011211 0.038716 0.371835 6.888759429e-39
-0.011208 0.039486 0.371710 6.521774775e-39
-0.011208 0.040268 0.371710 6.521774775e-39
-0.011204 0.041036 0.371585 6.521774775e-39
-0.011200 0.041804 0.371460 6.521774775e-39
-0.011200 0.042585 0.371460 6.704368169e-39
-0.011196 0.043352 0.371335 6.429579145e-39
-0.011193 0.044119 0.371210 6.154071255e-39
-0.011193 0.044900 0.371210 6.154071255e-39
-0.011189 0.045665 0.371085 6.337383515e-39
-0.011185 0.046431 0.370960 6.337383515e-39
-0.011181 0.047195 0.370835 6.337736643e-39
-0.011181 0.047976 0.370835 6.337383515e-39
-0.011177 0.048739 0.370710 6.337736643e-39
-0.011177 0.049519 0.370710 6.245187885e-39
-0.011174 0.050282 0.370585 6.061875626e-39
-0.011170 0.051045 0.370460 5.877484366e-39
-0.011170 0.051824 0.370460 5.786727869e-39
-0.011170 0.052604 0.370460 5.786727869e-39
-0.011170 0.053383 0.370460 5.602336610e-39
-0.011166 0.054144 0.370335 5.602336610e-39
-0.011166 0.054924 0.370335 5.785647468e-39
-0.011166 0.055703 0.370335 5.602336610e-39
-0.011166 0.056482 0.370335 5.510140980e-39
-0.011166 0.057261 0.370335 5.969312855e-39
-0.011166 0.058041 0.370335 6.244819344e-39
-0.011166 0.058820 0.370335 6.336661847e-39
-0.011166 0.059599 0.370335 5.969312855e-39
-0.011166 0.060378 0.370335 6.061149753e-39
-0.011170 0.061178 0.370460 6.520330036e-39
-0.011170 0.061957 0.370460 6.061149753e-39
-0.011170 0.062737 0.370460 6.062228753e-39
-0.011170 0.063516 0.370460 5.144238129e-39
-0.010468 0.035719 0.373210 5.788905487e-39
-0.010433 0.036382 0.371960 6.521777578e-39
-0.010429 0.037152 0.371835 6.796563799e-39
-0.010429 0.037934 0.371835 6.888759429e-39
-0.010426 0.038703 0.371710 6.796563799e-39
-0.010426 0.039486 0.371710 6.521774775e-39
-0.010422 0.040254 0.371585 6.613970405e-39
-0.010418 0.041022 0.371460 6.521774775e-39
-0.010418 0.041804 0.371460 6.888759429e-39
-0.010415 0.042571 0.371335 7.071711555e-39
-0.010411 0.043338 0.371210 6.704368169e-39
-0.010411 0.044119 0.371210 6.337383515e-39
-0.010408 0.044885 0.371085 6.337383515e-39
-0.010404 0.045650 0.370960 6.337383515e-39
-0.010404 0.046431 0.370960 6.337736643e-39
-0.010401 0.047195 0.370835 6.245541013e-39
-0.010397 0.047959 0.370710 6.337383515e-39
-0.010397 0.048739 0.370710 6.337736643e-39
-0.010394 0.049503 0.370585 6.337736643e-39
-0.010390 0.050265 0.370460 6.245187885e-39
-0.010390 0.051045 0.370460 6.062228753e-39
-0.010390 0.051824 0.370460 5.878923499e-39
-0.010387 0.052586 0.370335 5.602336610e-39
-0.010387 0.053365 0.370335 5.602336610e-39
-0.010383 0.054126 0.370210 5.510140980e-39
-0.010383 0.054905 0.370210 5.877484366e-39
-0.010383 0.055684 0.370210 5.510140980e-39
-0.010383 0.056463 0.370210 5.877484366e-39
-0.010383 0.057242 0.370210 6.061149753e-39
-0.010383 0.058021 0.370210 6.336656241e-39
-0.010383 0.058800 0.370210 6.244819344e-39
-0.010383 0.059579 0.370210 6.796916926e-39
-0.010387 0.060378 0.370335 5.969312855e-39
-0.010387 0.061157 0.370335 6.612525666e-39
-0.010387 0.061937 0.370335 6.245541013e-39
-0.010390 0.062737 0.370460 6.062228753e-39
-0.010390 0.063516 0.370460 5.144238129e-39
-0.009676 0.035695 0.372960 5.788902685e-39
-0.009650 0.036382 0.371960 6.521777578e-39
-0.009647 0.037152 0.371835 6.796563799e-39
-0.009643 0.037921 0.371710 6.888759429e-39
-0.009643 0.038703 0.371710 6.888759429e-39
-0.009640 0.039472 0.371585 6.980955058e-39
-0.009637 0.040241 0.371460 6.888759429e-39
-0.009637 0.041022 0.371460 6.888759429e-39
-0.009634 0.041790 0.371335 6.704368169e-39
-0.009630 0.042557 0.371210 7.071711555e-39
-0.009630 0.043338 0.371210 6.704368169e-39
-0.009627 0.044104 0.371085 6.704368169e-39
-0.009624 0.044870 0.370960 6.429579145e-39
-0.009624 0.045650 0.370960 6.337383515e-39
-0.009621 0.046415 0.370835 6.337736643e-39
-0.009617 0.047179 0.370710 6.612525666e-39
-0.009617 0.047959 0.370710 6.612525666e-39
-0.009614 0.048723 0.370585 6.612525666e-39
-0.009611 0.049486 0.370460 6.520330036e-39
-0.009611 0.050265 0.370460 6.245541013e-39
-0.009608 0.051028 0.370335 5.877837493e-39
-0.009608 0.051807 0.370335 5.602689737e-39
-0.009604 0.052568 0.370210 5.602336610e-39
-0.009604 0.053347 0.370210 5.786727869e-39
-0.009604 0.054126 0.370210 6.061875626e-39
-0.009604 0.054905 0.370210 5.877484366e-39
-0.009604 0.055684 0.370210 5.785647468e-39
-0.009604 0.056463 0.370210 5.877484366e-39
-0.009604 0.057242 0.370210 6.245541013e-39
-0.009604 0.058021 0.370210 6.244815140e-39
-0.009604 0.058800 0.370210 6.520325832e-39
-0.009604 0.059579 0.370210 6.336656241e-39
-0.009604 0.060358 0.370210 6.336656241e-39
-0.009604 0.061137 0.370210 6.612525666e-39
-0.009608 0.061937 0.370335 6.245541013e-39
-0.009608 0.062716 0.370335 5.877837493e-39
-0.009608 0.063495 0.370335 5.144238129e-39
-0.008885 0.035671 0.372710 5.696707055e-39
-0.008864 0.036369 0.371835 6.429581948e-39
-0.008861 0.037139 0.371710 6.796563799e-39
-0.008861 0.037921 0.371710 7.071711555e-39
-0.008858 0.038690 0.371585 7.163907185e-39
-0.008855 0.039459 0.371460 7.256102814e-39
-0.008855 0.040241 0.371460 7.071711555e-39
-0.008852 0.041008 0.371335 7.071711555e-39
-0.008849 0.041776 0.371210 6.979515925e-39
-0.008849 0.042557 0.371210 7.071711555e-39
-0.008846 0.043323 0.371085 6.979515925e-39
-0.008843 0.044089 0.370960 6.889112556e-39
-0.008840 0.044854 0.370835 6.796916926e-39
-0.008840 0.045635 0.370835 6.337736643e-39
-0.008837 0.046399 0.370710 6.520330036e-39
-0.008837 0.047179 0.370710 6.612525666e-39
-0.008834 0.047943 0.370585 6.704721296e-39
-0.008832 0.048706 0.370460 6.520330036e-39
-0.008832 0.049486 0.370460 6.520330036e-39
-0.008829 0.050248 0.370335 6.520330036e-39
-0.008829 0.051028 0.370335 6.061149753e-39
-0.008826 0.051789 0.370210 5.877837493e-39
-0.008826 0.052568 0.370210 6.062228753e-39
-0.008826 0.053347 0.370210 6.061875626e-39
-0.008826 0.054126 0.370210 6.061875626e-39
-0.008826 0.054905 0.370210 5.785647468e-39
-0.008823 0.055665 0.370085 5.877484366e-39
-0.008823 0.056444 0.370085 6.061875626e-39
-0.008823 0.057223 0.370085 6.061149753e-39
-0.008823 0.058001 0.370085 6.520325832e-39
-0.008823 0.058780 0.370085 6.520325832e-39
-0.008826 0.059579 0.370210 6.244819344e-39
-0.008826 0.060358 0.370210 6.336656241e-39
-0.008826 0.061137 0.370210 6.612525666e-39
-0.008826 0.061916 0.370210 6.336656241e-39
-0.008826 0.062695 0.370210 6.062228753e-39
-0.008826 0.063474 0.370210 5.144238129e-39
-0.008090 0.035623 0.372210 5.696707055e-39
-0.008079 0.036357 0.371710 6.429581948e-39
-0.008079 0.037139 0.371710 6.796563799e-39
-0.008076 0.037909 0.371585 7.163907185e-39
-0.008074 0.038677 0.371460 7.163907185e-39
-0.008074 0.039459 0.371460 7.347219445e-39
-0.008071 0.040227 0.371335 7.347219445e-39
-0.008068 0.040995 0.371210 7.347219445e-39
-0.008068 0.041776 0.371210 7.255023815e-39
-0.008066 0.042542 0.371085 7.347219445e-39
-0.008063 0.043309 0.370960 7.071711555e-39
-0.008060 0.044074 0.370835 6.796916926e-39
-0.008057 0.044839 0.370710 6.889112556e-39
-0.008057 0.045619 0.370710 6.337736643e-39
-0.008057 0.046399 0.370710 6.612525666e-39
-0.008055 0.047163 0.370585 6.612525666e-39
-0.008052 0.047927 0.370460 6.704721296e-39
-0.008052 0.048706 0.370460 6.704721296e-39
-0.008049 0.049469 0.370335 6.612525666e-39
-0.008047 0.050231 0.370210 6.520330036e-39
-0.008047 0.051010 0.370210 6.520330036e-39
-0.008047 0.051789 0.370210 6.520330036e-39
-0.008047 0.052568 0.370210 6.520330036e-39
-0.008044 0.053329 0.370085 6.245541013e-39
-0.008044 0.054108 0.370085 6.245541013e-39
-0.008044 0.054887 0.370085 6.061149753e-39
-0.008041 0.055647 0.369960 6.614323532e-39
-0.008041 0.056425 0.369960 6.245541013e-39
-0.008041 0.057203 0.369960 6.336656241e-39
-0.008041 0.057982 0.369960 6.612162730e-39
-0.008041 0.058760 0.369960 6.520325832e-39
-0.008044 0.059559 0.370085 6.336656241e-39
-0.008044 0.060337 0.370085 6.520330036e-39
-0.008044 0.061116 0.370085 6.520330036e-39
-0.008044 0.061895 0.370085 6.520330036e-39
-0.008047 0.062695 0.370210 5.877837493e-39
-0.008047 0.063474 0.370210 5.052042499e-39
-0.007309 0.035635 0.372335 5.696707055e-39
-0.007295 0.036345 0.371585 6.521777578e-39
-0.007295 0.037127 0.371585 6.888759429e-39
-0.007292 0.037896 0.371460 7.071711555e-39
-0.007290 0.038664 0.371335 7.347219445e-39
-0.007290 0.039446 0.371335 7.439415074e-39
-0.007287 0.040214 0.371210 7.622367201e-39
-0.007287 0.040995 0.371210 7.714204098e-39
-0.007285 0.041762 0.371085 7.622367201e-39
-0.007282 0.042528 0.370960 7.347219445e-39
-0.007280 0.043294 0.370835 7.164260312e-39
-0.007277 0.044059 0.370710 7.257895075e-39
-0.007277 0.044839 0.370710 6.612525666e-39
-0.007277 0.045619 0.370710 6.612525666e-39
-0.007275 0.046384 0.370585 6.612525666e-39
-0.007273 0.047148 0.370460 6.612525666e-39
-0.007273 0.047927 0.370460 6.704721296e-39
-0.007270 0.048690 0.370335 6.612525666e-39
-0.007268 0.049453 0.370210 6.520330036e-39
-0.007268 0.050231 0.370210 6.520330036e-39
-0.007268 0.051010 0.370210 6.520330036e-39
-0.007265 0.051772 0.370085 6.887673422e-39
-0.007265 0.052551 0.370085 6.520330036e-39
-0.007265 0.053329 0.370085 6.337736643e-39
-0.007263 0.054090 0.369960 6.245541013e-39
-0.007263 0.054868 0.369960 6.336656241e-39
-0.007263 0.055647 0.369960 6.337736643e-39
-0.007263 0.056425 0.369960 6.336656241e-39
-0.007263 0.057203 0.369960 6.336656241e-39
-0.007263 0.057982 0.369960 6.612162730e-39
-0.007263 0.058760 0.369960 6.520325832e-39
-0.007263 0.059539 0.369960 6.336656241e-39
-0.007263 0.060317 0.369960 6.520330036e-39
-0.007263 0.061095 0.369960 6.336656241e-39
-0.007265 0.061895 0.370085 6.612525666e-39
-0.007265 0.062673 0.370085 6.062228753e-39
-0.007270 0.063495 0.370335 5.144238129e-39
-0.006526 0.035635 0.372335 5.788902685e-39
-0.006513 0.036345 0.371585 6.521777578e-39
-0.006511 0.037114 0.371460 6.796563799e-39
-0.006508 0.037883 0.371335 7.163907185e-39
-0.006506 0.038651 0.371210 7.347219445e-39
-0.006506 0.039432 0.371210 7.347219445e-39
-0.006506 0.040214 0.371210 7.714204098e-39
-0.006504 0.040981 0.371085 7.714204098e-39
-0.006502 0.041747 0.370960 7.622367201e-39
-0.006500 0.042514 0.370835 7.347219445e-39
-0.006497 0.043279 0.370710 7.072064682e-39
-0.006497 0.044059 0.370710 6.796916926e-39
-0.006495 0.044824 0.370585 6.704721296e-39
-0.006495 0.045604 0.370585 6.796916926e-39
-0.006493 0.046368 0.370460 6.612525666e-39
-0.006493 0.047148 0.370460 6.704721296e-39
-0.006491 0.047911 0.370335 6.612525666e-39
-0.006489 0.048674 0.370210 6.612525666e-39
-0.006489 0.049453 0.370210 6.520330036e-39
-0.006489 0.050231 0.370210 6.520330036e-39
-0.006487 0.050993 0.370085 6.520330036e-39
-0.006487 0.051772 0.370085 6.795836525e-39
-0.006484 0.052533 0.369960 6.520330036e-39
-0.006484 0.053311 0.369960 6.245541013e-39
-0.006484 0.054090 0.369960 6.520330036e-39
-0.006484 0.054868 0.369960 6.336656241e-39
-0.006484 0.055647 0.369960 6.336656241e-39
-0.006482 0.056406 0.369835 6.336656241e-39
-0.006482 0.057184 0.369835 6.795836525e-39
-0.006482 0.057962 0.369835 6.612162730e-39
-0.006484 0.058760 0.369960 6.520325832e-39
-0.006484 0.059539 0.369960 6.520330036e-39
-0.006484 0.060317 0.369960 6.612162730e-39
-0.006484 0.061095 0.369960 6.520330036e-39
-0.006484 0.061874 0.369960 6.336656241e-39
-0.006484 0.062652 0.369960 6.062228753e-39
-0.006493 0.063516 0.370460 5.144238129e-39
-0.005771 0.035814 0.374210 5.604511425e-39
-0.005729 0.036333 0.371460 6.338465318e-39
-0.005727 0.037102 0.371335 6.796563799e-39
-0.005725 0.037870 0.371210 7.071711555e-39
-0.005725 0.038651 0.371210 7.439415074e-39
-0.005723 0.039419 0.371085 7.623806334e-39
-0.005723 0.040200 0.371085 7.898595358e-39
-0.005721 0.040967 0.370960 7.622367201e-39
-0.005719 0.041733 0.370835 7.622367201e-39
-0.005717 0.042499 0.370710 7.347219445e-39
-0.005717 0.043279 0.370710 7.347572572e-39
-0.005716 0.044044 0.370585 7.072064682e-39
-0.005716 0.044824 0.370585 6.796916926e-39
-0.005714 0.045589 0.370460 6.796916926e-39
-0.005714 0.046368 0.370460 6.704721296e-39
-0.005712 0.047132 0.370335 6.704721296e-39
-0.005710 0.047895 0.370210 6.612525666e-39
-0.005710 0.048674 0.370210 6.612525666e-39
-0.005710 0.049453 0.370210 6.612525666e-39
-0.005708 0.050215 0.370085 6.612525666e-39
-0.005708 0.050993 0.370085 6.612525666e-39
-0.005706 0.051754 0.369960 6.795836525e-39
-0.005706 0.052533 0.369960 6.520330036e-39
-0.005706 0.053311 0.369960 6.336656241e-39
-0.005706 0.054090 0.369960 6.612162730e-39
-0.005704 0.054850 0.369835 6.336656241e-39
-0.005704 0.055628 0.369835 6.520330036e-39
-0.005704 0.056406 0.369835 6.336656241e-39
-0.005704 0.057184 0.369835 6.795836525e-39
-0.005704 0.057962 0.369835 6.612162730e-39
-0.005704 0.058740 0.369835 6.520325832e-39
-0.005704 0.059519 0.369835 6.336656241e-39
-0.005704 0.060297 0.369835 6.795836525e-39
-0.005706 0.061095 0.369960 6.520330036e-39
-0.005706 0.061874 0.369960 6.245541013e-39
-0.005706 0.062652 0.369960 6.062228753e-39
-0.004946 0.036320 0.371335 6.430660948e-39
-0.004944 0.037089 0.371210 6.888759429e-39
-0.004944 0.037870 0.371210 6.612168335e-39
-0.004942 0.038638 0.371085 7.347219445e-39
-0.004941 0.039406 0.370960 7.347219445e-39
-0.004941 0.040186 0.370960 7.622361595e-39
-0.004939 0.040953 0.370835 7.530530303e-39
-0.004939 0.041733 0.370835 7.530530303e-39
-0.004937 0.042499 0.370710 7.347572572e-39
-0.004936 0.043265 0.370585 7.347572572e-39
-0.004936 0.044044 0.370585 7.072064682e-39
-0.004934 0.044809 0.370460 6.704721296e-39
-0.004934 0.045589 0.370460 6.244819344e-39
-0.004932 0.046352 0.370335 6.704721296e-39
-0.004932 0.047132 0.370335 6.704721296e-39
-0.004931 0.047895 0.370210 6.612525666e-39
-0.004931 0.048674 0.370210 6.612525666e-39
-0.004929 0.049436 0.370085 6.887673422e-39
-0.004929 0.050215 0.370085 6.612525666e-39
-0.004927 0.050976 0.369960 6.704721296e-39
-0.004927 0.051754 0.369960 6.428488935e-39
-0.004927 0.052533 0.369960 6.612525666e-39
-0.004927 0.053311 0.369960 6.795836525e-39
-0.004926 0.054071 0.369835 6.612162730e-39
-0.004926 0.054850 0.369835 6.612162730e-39
-0.004924 0.055609 0.369711 6.612162730e-39
-0.004924 0.056387 0.369711 6.795836525e-39
-0.004924 0.057165 0.369711 6.612159927e-39
-0.004924 0.057943 0.369711 6.795833722e-39
-0.004924 0.058720 0.369711 6.520325832e-39
-0.004926 0.059519 0.369835 6.336656241e-39
-0.004926 0.060297 0.369835 6.795836525e-39
-0.004926 0.061075 0.369835 6.520330036e-39
-0.004926 0.061853 0.369835 6.245541013e-39
-0.004927 0.062652 0.369960 6.062228753e-39
-0.004163 0.036308 0.371210 6.430660948e-39
-0.004163 0.037089 0.371210 6.980955058e-39
-0.004162 0.037858 0.371085 7.163907185e-39
-0.004160 0.038625 0.370960 7.439415074e-39
-0.004160 0.039406 0.370960 7.439415074e-39
-0.004159 0.040173 0.370835 7.622361595e-39
-0.004157 0.040939 0.370710 7.530524698e-39
-0.004157 0.041719 0.370710 7.438687800e-39
-0.004156 0.042485 0.370585 7.347572572e-39
-0.004156 0.043265 0.370585 7.255732872e-39
-0.004155 0.044030 0.370460 7.072420612e-39
-0.004155 0.044809 0.370460 6.704721296e-39
-0.004153 0.045573 0.370335 6.704721296e-39
-0.004153 0.046352 0.370335 6.612525666e-39
-0.004152 0.047116 0.370210 6.979869052e-39
-0.004152 0.047895 0.370210 6.979869052e-39
-0.004152 0.048674 0.370210 6.979869052e-39
-0.004150 0.049436 0.370085 7.163181312e-39
-0.004150 0.050215 0.370085 6.887673422e-39
-0.004149 0.050976 0.369960 7.072420612e-39
-0.004149 0.051754 0.369960 6.888029352e-39
-0.004149 0.052533 0.369960 6.888029352e-39
-0.004148 0.053293 0.369835 6.795836525e-39
-0.004148 0.054071 0.369835 6.795836525e-39
-0.004146 0.054831 0.369711 6.979507517e-39
-0.004146 0.055609 0.369711 6.979504714e-39
-0.004146 0.056387 0.369711 6.795833722e-39
-0.004146 0.057165 0.369711 6.795833722e-39
-0.004146 0.057943 0.369711 7.164616242e-39
-0.004146 0.058720 0.369711 6.152978243e-39
-0.004146 0.059498 0.369711 6.520330036e-39
-0.004146 0.060276 0.369711 6.795836525e-39
-0.004148 0.061075 0.369835 6.244819344e-39
-0.004148 0.061853 0.369835 6.061149753e-39
-0.004148 0.062631 0.369835 6.154424383e-39
-0.003382 0.036308 0.371210 6.338465318e-39
-0.003381 0.037077 0.371085 7.163907185e-39
-0.003380 0.037845 0.370960 7.347219445e-39
-0.003380 0.038625 0.370960 7.347219445e-39
-0.003379 0.039393 0.370835 7.347572572e-39
-0.003379 0.040173 0.370835 7.622361595e-39
-0.003377 0.040939 0.370710 7.714557225e-39
-0.003377 0.041719 0.370710 7.622361595e-39
-0.003376 0.042485 0.370585 7.622361595e-39
-0.003375 0.043250 0.370460 7.255732872e-39
-0.003375 0.044030 0.370460 6.980224982e-39
-0.003374 0.044794 0.370335 6.797272856e-39
-0.003374 0.045573 0.370335 6.704721296e-39
-0.003373 0.046337 0.370210 6.979869052e-39
-0.003373 0.047116 0.370210 6.979869052e-39
-0.003373 0.047895 0.370210 6.979869052e-39
-0.003372 0.048657 0.370085 6.979869052e-39
-0.003372 0.049436 0.370085 7.071344415e-39
-0.003371 0.050198 0.369960 6.887673422e-39
-0.003371 0.050976 0.369960 6.888029352e-39
-0.003371 0.051754 0.369960 6.980224982e-39
-0.003370 0.052515 0.369835 6.888029352e-39
-0.003370 0.053293 0.369835 6.979504714e-39
-0.003368 0.054053 0.369711 6.979504714e-39
-0.003368 0.054831 0.369711 6.795830920e-39
-0.003368 0.055609 0.369711 6.795830920e-39
-0.003368 0.056387 0.369711 6.795833722e-39
-0.003368 0.057165 0.369711 6.795833722e-39
-0.003368 0.057943 0.369711 6.888029352e-39
-0.003368 0.058720 0.369711 6.520323030e-39
-0.003368 0.059498 0.369711 6.612162730e-39
-0.003368 0.060276 0.369711 6.612162730e-39
-0.003368 0.061054 0.369711 6.520330036e-39
-0.003368 0.061832 0.369711 6.245541013e-39
-0.003370 0.062631 0.369835 5.877837493e-39
-0.003376 0.063538 0.370585 4.683978846e-39
-0.002600 0.036296 0.371085 6.521777578e-39
-0.002600 0.037077 0.371085 7.255023815e-39
-0.002599 0.037845 0.370960 7.255023815e-39
-0.002598 0.038612 0.370835 7.530530303e-39
-0.002598 0.039393 0.370835 7.622361595e-39
-0.002597 0.040159 0.370710 7.622361595e-39
-0.002597 0.040939 0.370710 7.622361595e-39
-0.002597 0.041705 0.370585 7.622361595e-39
-0.002596 0.042471 0.370460 7.622361595e-39
-0.002596 0.043250 0.370460 7.530521895e-39
-0.002595 0.044015 0.370335 7.072420612e-39
-0.002595 0.044794 0.370335 6.888029352e-39
-0.002594 0.045558 0.370210 7.072420612e-39
-0.002594 0.046337 0.370210 7.072064682e-39
-0.002594 0.047116 0.370210 7.072064682e-39
-0.002593 0.047878 0.370085 7.072064682e-39
-0.002593 0.048657 0.370085 6.980224982e-39
-0.002592 0.049419 0.369960 7.071341612e-39
-0.002592 0.050198 0.369960 7.163537242e-39
-0.002592 0.050976 0.369960 7.071341612e-39
-0.002591 0.051737 0.369835 7.071341612e-39
-0.002591 0.052515 0.369835 6.979504714e-39
-0.002590 0.053275 0.369711 7.071341612e-39
-0.002590 0.054053 0.369711 6.979504714e-39
-0.002590 0.054831 0.369711 6.979504714e-39
-0.002590 0.055590 0.369586 6.979504714e-39
-0.002590 0.056368 0.369586 6.888029352e-39
-0.002590 0.057145 0.369586 6.979504714e-39
-0.002590 0.057923 0.369586 6.979504714e-39
-0.002590 0.058701 0.369586 6.795830920e-39
-0.002590 0.059478 0.369586 6.795836525e-39
-0.002590 0.060276 0.369711 6.612162730e-39
-0.002590 0.061054 0.369711 6.520330036e-39
-0.002590 0.061832 0.369711 6.520330036e-39
-0.002590 0.062610 0.369711 5.877837493e-39
-0.002592 0.063431 0.369960 5.052761365e-39
-0.001820 0.035527 0.371210 5.602713559e-39
-0.001819 0.036296 0.371085 6.521777578e-39
-0.001819 0.037064 0.370960 7.347219445e-39
-0.001818 0.037832 0.370835 7.622367201e-39
-0.001818 0.038612 0.370835 7.622367201e-39
-0.001817 0.039379 0.370710 7.714557225e-39
-0.001817 0.040159 0.370710 7.714557225e-39
-0.001817 0.040926 0.370585 7.714195690e-39
-0.001816 0.041691 0.370460 7.622361595e-39
-0.001816 0.042471 0.370460 7.530524698e-39
-0.001816 0.043236 0.370335 7.622717525e-39
-0.001816 0.044015 0.370335 7.072420612e-39
-0.001815 0.044779 0.370210 7.072420612e-39
-0.001815 0.045558 0.370210 6.980224982e-39
-0.001815 0.046337 0.370210 6.979869052e-39
-0.001814 0.047100 0.370085 7.072064682e-39
-0.001814 0.047878 0.370085 6.979869052e-39
-0.001814 0.048641 0.369960 6.888029352e-39
-0.001814 0.049419 0.369960 7.163537242e-39
-0.001814 0.050198 0.369960 7.071341612e-39
-0.001814 0.050976 0.369960 7.163537242e-39
-0.001813 0.051737 0.369835 7.163537242e-39
-0.001813 0.052497 0.369711 7.071341612e-39
-0.001813 0.053275 0.369711 7.071341612e-39
-0.001813 0.054053 0.369711 7.163537242e-39
-0.001812 0.054812 0.369586 6.795830920e-39
-0.001812 0.055590 0.369586 6.979504714e-39
-0.001811 0.056349 0.369461 6.888029352e-39
-0.001811 0.057126 0.369461 7.071341612e-39
-0.001811 0.057903 0.369461 6.979504714e-39
-0.001811 0.058681 0.369461 6.795830920e-39
-0.001811 0.059458 0.369461 6.795836525e-39
-0.001812 0.060256 0.369586 6.887673422e-39
-0.001812 0.061034 0.369586 6.795836525e-39
-0.001812 0.061811 0.369586 6.612525666e-39
-0.001813 0.062610 0.369711 6.523206902e-39
-0.001813 0.063409 0.369835 4.960565735e-39
-0.001039 0.035515 0.371085 5.602713559e-39
-0.001038 0.036284 0.370960 6.521777578e-39
-0.001038 0.037052 0.370835 7.439415074e-39
-0.001038 0.037832 0.370835 7.622367201e-39
-0.001037 0.038599 0.370710 7.622367201e-39
-0.001037 0.039379 0.370710 7.622361595e-39
-0.001037 0.040146 0.370585 7.897869485e-39
-0.001037 0.040912 0.370460 7.897869485e-39
-0.001037 0.041691 0.370460 7.714557225e-39
-0.001036 0.042456 0.370335 7.530524698e-39
-0.001036 0.043221 0.370210 7.438684998e-39
-0.001036 0.044000 0.370210 7.255732872e-39
-0.001036 0.044779 0.370210 7.255732872e-39
-0.001036 0.045558 0.370210 6.980224982e-39
-0.001036 0.046321 0.370085 6.979869052e-39
-0.001036 0.047100 0.370085 7.072064682e-39
-0.001035 0.047862 0.369960 6.979869052e-39
-0.001035 0.048641 0.369960 6.980224982e-39
-0.001035 0.049419 0.369960 7.163537242e-39
-0.001035 0.050198 0.369960 7.071341612e-39
-0.001035 0.050959 0.369835 7.071341612e-39
-0.001035 0.051737 0.369835 6.979504714e-39
-0.001035 0.052497 0.369711 7.071341612e-39
-0.001035 0.053275 0.369711 7.163537242e-39
-0.001034 0.054035 0.369586 7.346842495e-39
-0.001034 0.054812 0.369586 6.979497708e-39
-0.001034 0.055571 0.369461 6.979504714e-39
-0.001034 0.056349 0.369461 7.071341612e-39
-0.001034 0.057126 0.369461 7.071341612e-39
-0.001034 0.057903 0.369461 6.979504714e-39
-0.001034 0.058681 0.369461 6.703994022e-39
-0.001034 0.059458 0.369461 6.612159927e-39
-0.001034 0.060236 0.369461 6.795833722e-39
-0.001034 0.061013 0.369461 6.795836525e-39
-0.001034 0.061790 0.369461 6.612525666e-39
-0.001034 0.062589 0.369586 6.154424383e-39
-0.001035 0.063388 0.369711 5.052042499e-39
-0.000258 0.035551 0.371460 5.879300449e-39
-0.000258 0.036284 0.370960 6.521777578e-39
-0.000258 0.037052 0.370835 7.347219445e-39
-0.000257 0.037819 0.370710 7.622367201e-39
-0.000257 0.038599 0.370710 7.714557225e-39
-0.000257 0.039366 0.370585 7.714557225e-39
-0.000257 0.040132 0.370460 7.806032588e-39
-0.000257 0.040912 0.370460 7.897869485e-39
-0.000257 0.041677 0.370335 7.897869485e-39
-0.000257 0.042442 0.370210 7.622361595e-39
-0.000257 0.043221 0.370210 7.530521895e-39
-0.000257 0.044000 0.370210 7.255732872e-39
-0.000257 0.044779 0.370210 7.163537242e-39
-0.000257 0.045542 0.370085 7.255732872e-39
-0.000257 0.046321 0.370085 6.979869052e-39
-0.000257 0.047084 0.369960 6.979869052e-39
-0.000257 0.047862 0.369960 6.520325832e-39
-0.000257 0.048641 0.369960 6.980224982e-39
-0.000257 0.049419 0.369960 7.163531637e-39
-0.000257 0.050198 0.369960 7.163531637e-39
-0.000257 0.050959 0.369835 7.163531637e-39
-0.000257 0.051719 0.369711 7.071341612e-39
-0.000257 0.052497 0.369711 7.163537242e-39
-0.000257 0.053275 0.369711 7.346842495e-39
-0.000257 0.054035 0.369586 7.346842495e-39
-0.000257 0.054794 0.369461 7.346842495e-39
-0.000257 0.055571 0.369461 6.979499109e-39
-0.000257 0.056349 0.369461 7.071336007e-39
-0.000257 0.057107 0.369336 7.163537242e-39
-0.000257 0.057884 0.369336 6.979504714e-39
-0.000257 0.058661 0.369336 6.979504714e-39
-0.000257 0.059438 0.369336 6.888029352e-39
-0.000257 0.060236 0.369461 6.888029352e-39
-0.000257 0.061013 0.369461 6.795836525e-39
-0.000257 0.061790 0.369461 6.612525666e-39
-0.000257 0.062568 0.369461 6.062228753e-39
-0.000257 0.063409 0.369835 5.052042499e-39
0.000524 0.035575 0.371710 5.601993292e-39
0.000523 0.036284 0.370960 6.521777578e-39
0.000523 0.037052 0.370835 7.347219445e-39
0.000523 0.037819 0.370710 7.622367201e-39
0.000522 0.038586 0.370585 7.622361595e-39
0.000522 0.039353 0.370460 7.897869485e-39
0.000522 0.040132 0.370460 7.897869485e-39
0.000522 0.040912 0.370460 7.897869485e-39
0.000522 0.041677 0.370335 7.806032588e-39
0.000522 0.042442 0.370210 7.806032588e-39
0.000522 0.043221 0.370210 7.530521895e-39
0.000522 0.044000 0.370210 7.530521895e-39
0.000522 0.044779 0.370210 7.255732872e-39
0.000522 0.045542 0.370085 7.255732872e-39
0.000522 0.046321 0.370085 6.979869052e-39
0.000521 0.047084 0.369960 7.072064682e-39
0.000521 0.047862 0.369960 6.887673422e-39
0.000521 0.048641 0.369960 6.980224982e-39
0.000521 0.049419 0.369960 7.163531637e-39
0.000521 0.050181 0.369835 7.163531637e-39
0.000521 0.050959 0.369835 7.071336007e-39
0.000521 0.051719 0.369711 7.438679393e-39
0.000521 0.052497 0.369711 7.438679393e-39
0.000521 0.053257 0.369586 7.255005598e-39
0.000521 0.054035 0.369586 7.346842495e-39
0.000521 0.054794 0.369461 6.795826716e-39
0.000521 0.055571 0.369461 6.979499109e-39
0.000521 0.056330 0.369336 7.438679393e-39
0.000521 0.057107 0.369336 7.438679393e-39
0.000521 0.057884 0.369336 7.255005598e-39
0.000521 0.058661 0.369336 6.979504714e-39
0.000521 0.059438 0.369336 6.795828117e-39
0.000521 0.060215 0.369336 6.795833722e-39
0.000521 0.060992 0.369336 6.795836525e-39
0.000521 0.061790 0.369461 6.612525666e-39
0.000521 0.062568 0.369461 6.154424383e-39
0.000522 0.063538 0.370585 5.052042499e-39
0.001307 0.035611 0.372085 6.062612709e-39
0.001303 0.036284 0.370960 6.521777578e-39
0.001303 0.037052 0.370835 7.347219445e-39
0.001303 0.037819 0.370710 7.622367201e-39
0.001302 0.038586 0.370585 7.622361595e-39
0.001302 0.039353 0.370460 7.806032588e-39
0.001302 0.040132 0.370460 7.897869485e-39
0.001301 0.040898 0.370335 7.806032588e-39
0.001301 0.041663 0.370210 7.806032588e-39
0.001301 0.042442 0.370210 7.714195690e-39
0.001301 0.043221 0.370210 7.530521895e-39
0.001301 0.044000 0.370210 7.530521895e-39
0.001300 0.044764 0.370085 7.255732872e-39
0.001300 0.045542 0.370085 7.255732872e-39
0.001300 0.046321 0.370085 6.980224982e-39
0.001300 0.047084 0.369960 6.979869052e-39
0.001300 0.047862 0.369960 6.979869052e-39
0.001300 0.048641 0.369960 6.980224982e-39
0.001300 0.049419 0.369960 7.163531637e-39
0.001300 0.050198 0.369960 7.163531637e-39
0.001299 0.050959 0.369835 7.346842495e-39
0.001299 0.051719 0.369711 7.346842495e-39
0.001299 0.052497 0.369711 7.438679393e-39
0.001299 0.053257 0.369586 7.346842495e-39
0.001299 0.054035 0.369586 7.438679393e-39
0.001298 0.054794 0.369461 7.071333204e-39
0.001298 0.055571 0.369461 7.255005598e-39
0.001298 0.056330 0.369336 7.438679393e-39
0.001298 0.057107 0.369336 7.346842495e-39
0.001298 0.057884 0.369336 7.255005598e-39
0.001298 0.058661 0.369336 6.979499109e-39
0.001298 0.059438 0.369336 6.979499109e-39
0.001298 0.060215 0.369336 6.888029352e-39
0.001298 0.060992 0.369336 6.887673422e-39
0.001298 0.061769 0.369336 6.612525666e-39
0.001298 0.062568 0.369461 6.154424383e-39
0.002090 0.035599 0.371960 6.062612709e-39
0.002084 0.036284 0.370960 6.521777578e-39
0.002083 0.037039 0.370710 7.347219445e-39
0.002083 0.037819 0.370710 7.530530303e-39
0.002082 0.038586 0.370585 7.530524698e-39
0.002081 0.039353 0.370460 7.714195690e-39
0.002081 0.040132 0.370460 7.806032588e-39
0.002080 0.040898 0.370335 7.806032588e-39
0.002080 0.041663 0.370210 7.806032588e-39
0.002080 0.042442 0.370210 7.806032588e-39
0.002080 0.043221 0.370210 7.622717525e-39
0.002080 0.044000 0.370210 7.622717525e-39
0.002079 0.044764 0.370085 7.255732872e-39
0.002079 0.045542 0.370085 7.255732872e-39
0.002079 0.046321 0.370085 7.071341612e-39
0.002078 0.047084 0.369960 7.163181312e-39
0.002078 0.047862 0.369960 7.163537242e-39
0.002078 0.048641 0.369960 7.071341612e-39
0.002078 0.049419 0.369960 7.255005598e-39
0.002078 0.050198 0.369960 7.346842495e-39
0.002078 0.050959 0.369835 7.346842495e-39
0.002078 0.051737 0.369835 7.346842495e-39
0.002077 0.052497 0.369711 7.714187282e-39
0.002077 0.053275 0.369711 7.622350385e-39
0.002076 0.054035 0.369586 7.622350385e-39
0.002075 0.054794 0.369461 7.346842495e-39
0.002075 0.055571 0.369461 7.346842495e-39
0.002075 0.056330 0.369336 7.714187282e-39
0.002075 0.057107 0.369336 7.622350385e-39
0.002074 0.057864 0.369211 7.346842495e-39
0.002074 0.058641 0.369211 7.255005598e-39
0.002074 0.059418 0.369211 7.346842495e-39
0.002074 0.060195 0.369211 6.980224982e-39
0.002075 0.060992 0.369336 6.795836525e-39
0.002075 0.061769 0.369336 6.520330036e-39
0.002075 0.062568 0.369461 6.154424383e-39
0.002870 0.035575 0.371710 6.062612709e-39
0.002864 0.036284 0.370960 6.521777578e-39
0.002863 0.037052 0.370835 7.255023815e-39
0.002863 0.037819 0.370710 7.530530303e-39
0.002862 0.038586 0.370585 7.622361595e-39
0.002861 0.039353 0.370460 7.714195690e-39
0.002861 0.040132 0.370460 7.714195690e-39
0.002860 0.040898 0.370335 7.806029785e-39
0.002859 0.041663 0.370210 7.806032588e-39
0.002859 0.042442 0.370210 7.806029785e-39
0.002859 0.043221 0.370210 7.622717525e-39
0.002858 0.043985 0.370085 7.530521895e-39
0.002858 0.044764 0.370085 7.347928502e-39
0.002858 0.045542 0.370085 7.255732872e-39
0.002858 0.046321 0.370085 7.255732872e-39
0.002857 0.047084 0.369960 7.163181312e-39
0.002857 0.047862 0.369960 7.163537242e-39
0.002857 0.048641 0.369960 7.071341612e-39
0.002857 0.049419 0.369960 7.438679393e-39
0.002857 0.050198 0.369960 7.530513488e-39
0.002856 0.050959 0.369835 7.346842495e-39
0.002856 0.051737 0.369835 7.438679393e-39
0.002855 0.052497 0.369711 7.714187282e-39
0.002854 0.053257 0.369586 7.714187282e-39
0.002853 0.054017 0.369461 7.622350385e-39
0.002853 0.054794 0.369461 7.530513488e-39
0.002852 0.055553 0.369336 7.530516290e-39
0.002851 0.056311 0.369211 7.714187282e-39
0.002851 0.057087 0.369211 7.714187282e-39
0.002851 0.057864 0.369211 7.438679393e-39
0.002851 0.058641 0.369211 7.255005598e-39
0.002851 0.059418 0.369211 7.530516290e-39
0.002851 0.060195 0.369211 7.072420612e-39
0.002851 0.060972 0.369211 6.887673422e-39
0.002852 0.061769 0.369336 6.612525666e-39
0.002853 0.062568 0.369461 6.429932272e-39
0.003650 0.035551 0.371460 5.970417079e-39
0.003645 0.036284 0.370960 6.521777578e-39
0.003643 0.037039 0.370710 7.347219445e-39
0.003643 0.037819 0.370710 7.530530303e-39
0.003641 0.038586 0.370585 7.622361595e-39
0.003640 0.039353 0.370460 7.806032588e-39
0.003640 0.040132 0.370460 7.806032588e-39
0.003639 0.040898 0.370335 7.806029785e-39
0.003638 0.041663 0.370210 7.806032588e-39
0.003638 0.042442 0.370210 7.806029785e-39
0.003638 0.043221 0.370210 7.530521895e-39
0.003636 0.043985 0.370085 7.530521895e-39
0.003636 0.044764 0.370085 7.255732872e-39
0.003636 0.045542 0.370085 7.163537242e-39
0.003635 0.046305 0.369960 7.438684998e-39
0.003635 0.047084 0.369960 7.530524698e-39
0.003635 0.047862 0.369960 7.438684998e-39
0.003635 0.048641 0.369960 7.530521895e-39
0.003635 0.049419 0.369960 7.530516290e-39
0.003635 0.050198 0.369960 7.530513488e-39
0.003634 0.050959 0.369835 7.530513488e-39
0.003634 0.051737 0.369835 7.622350385e-39
0.003633 0.052497 0.369711 7.897856873e-39
0.003631 0.053257 0.369586 7.714187282e-39
0.003630 0.054017 0.369461 7.622350385e-39
0.003630 0.054794 0.369461 7.530513488e-39
0.003629 0.055553 0.369336 7.714187282e-39
0.003628 0.056311 0.369211 7.714187282e-39
0.003628 0.057087 0.369211 7.714187282e-39
0.003628 0.057864 0.369211 7.530513488e-39
0.003628 0.058641 0.369211 7.530513488e-39
0.003628 0.059418 0.369211 7.530516290e-39
0.003628 0.060195 0.369211 7.255732872e-39
0.003628 0.060972 0.369211 7.163537242e-39
0.003629 0.061769 0.369336 6.979869052e-39
0.003630 0.062568 0.369461 6.522127902e-39
0.004427 0.035515 0.371085 6.062612709e-39
0.004430 0.036320 0.371335 6.521777578e-39
0.004424 0.037052 0.370835 7.439415074e-39
0.004423 0.037819 0.370710 7.530530303e-39
0.004421 0.038586 0.370585 7.438687800e-39
0.004420 0.039353 0.370460 7.806032588e-39
0.004420 0.040132 0.370460 7.897869485e-39
0.004418 0.040898 0.370335 7.898225415e-39
0.004417 0.041663 0.370210 7.898225415e-39
0.004417 0.042442 0.370210 7.806029785e-39
0.004415 0.043206 0.370085 7.530521895e-39
0.004415 0.043985 0.370085 7.530521895e-39
0.004415 0.044764 0.370085 7.163537242e-39
0.004415 0.045542 0.370085 7.163537242e-39
0.004414 0.046305 0.369960 7.530521895e-39
0.004414 0.047084 0.369960 7.438687800e-39
0.004414 0.047862 0.369960 7.530521895e-39
0.004414 0.048641 0.369960 7.530521895e-39
0.004414 0.049419 0.369960 7.438679393e-39
0.004414 0.050198 0.369960 7.622350385e-39
0.004412 0.050959 0.369835 7.622350385e-39
0.004411 0.051719 0.369711 7.897856873e-39
0.004411 0.052497 0.369711 7.989693771e-39
0.004409 0.053257 0.369586 7.898219810e-39
0.004408 0.054017 0.369461 7.806024180e-39
0.004408 0.054794 0.369461 7.530513488e-39
0.004406 0.055553 0.369336 7.714187282e-39
0.004405 0.056311 0.369211 7.714187282e-39
0.004405 0.057087 0.369211 7.806024180e-39
0.004405 0.057864 0.369211 7.622350385e-39
0.004405 0.058641 0.369211 7.714187282e-39
0.004405 0.059418 0.369211 7.530516290e-39
0.004405 0.060195 0.369211 7.622717525e-39
0.004405 0.060972 0.369211 7.255732872e-39
0.004406 0.061769 0.369336 7.072064682e-39
0.004408 0.062568 0.369461 6.614323532e-39
0.005224 0.035623 0.372210 5.879300449e-39
0.005213 0.036333 0.371460 6.613973207e-39
0.005211 0.037102 0.371335 7.071711555e-39
0.005210 0.037870 0.371210 7.622367201e-39
0.005208 0.038638 0.371085 7.714557225e-39
0.005206 0.039406 0.370960 8.082260745e-39
0.005206 0.040186 0.370960 8.082260745e-39
0.005204 0.040953 0.370835 7.898225415e-39
0.005203 0.041719 0.370710 7.898225415e-39
0.005203 0.042499 0.370710 7.898225415e-39
0.005201 0.043265 0.370585 7.622717525e-39
0.005199 0.044030 0.370460 7.530521895e-39
0.005199 0.044809 0.370460 7.255732872e-39
0.005199 0.045589 0.370460 7.347928502e-39
0.005199 0.046368 0.370460 7.530521895e-39
0.005199 0.047148 0.370460 7.438687800e-39
0.005199 0.047927 0.370460 7.530521895e-39
0.005199 0.048706 0.370460 7.438684998e-39
0.005199 0.049486 0.370460 7.438679393e-39
0.005199 0.050265 0.370460 7.530513488e-39
0.005197 0.051028 0.370335 7.622350385e-39
0.005195 0.051789 0.370210 7.897856873e-39
0.005195 0.052568 0.370210 8.081530668e-39
0.005194 0.053329 0.370085 7.806024180e-39
0.005192 0.054090 0.369960 7.806024180e-39
0.005190 0.054850 0.369835 7.530513488e-39
0.005188 0.055609 0.369711 7.899304415e-39
0.005188 0.056387 0.369711 7.622350385e-39
0.005187 0.057145 0.369586 7.714187282e-39
0.005187 0.057923 0.369586 7.714187282e-39
0.005187 0.058701 0.369586 7.714187282e-39
0.005187 0.059478 0.369586 7.622711920e-39
0.005187 0.060256 0.369586 7.347928502e-39
0.005188 0.061054 0.369711 7.716711021e-39
0.005192 0.061874 0.369960 7.072064682e-39
0.005197 0.062716 0.370335 6.337736643e-39
0.006043 0.036626 0.374460 6.613973207e-39
0.006023 0.037289 0.373210 7.071711555e-39
0.006019 0.038049 0.372960 7.255023815e-39
0.006017 0.038821 0.372835 7.714557225e-39
0.006015 0.039592 0.372710 7.898948485e-39
0.006015 0.040376 0.372710 7.897869485e-39
0.006015 0.041160 0.372710 7.898225415e-39
0.006015 0.041944 0.372710 7.622717525e-39
0.006015 0.042729 0.372710 7.714913155e-39
0.006015 0.043513 0.372710 7.440124131e-39
0.006013 0.044282 0.372585 7.347928502e-39
0.006013 0.045066 0.372585 7.255732872e-39
0.006013 0.045850 0.372585 7.255732872e-39
0.006011 0.046618 0.372460 7.347928502e-39
0.006011 0.047402 0.372460 7.255732872e-39
0.006011 0.048186 0.372460 7.347928502e-39
0.006009 0.048953 0.372335 7.530521895e-39
0.006009 0.049736 0.372335 7.530516290e-39
0.006007 0.050503 0.372210 7.438679393e-39
0.006007 0.051286 0.372210 7.530516290e-39
0.006007 0.052069 0.372210 7.714187282e-39
0.006007 0.052852 0.372210 8.081536274e-39
0.006007 0.053635 0.372210 8.081536274e-39
0.006007 0.054419 0.372210 7.714187282e-39
0.006005 0.055183 0.372085 7.438684998e-39
0.006005 0.055966 0.372085 7.530521895e-39
0.006003 0.056730 0.371960 7.530521895e-39
0.006003 0.057513 0.371960 7.714187282e-39
0.006003 0.058295 0.371960 7.530516290e-39
0.006003 0.059078 0.371960 7.530516290e-39
0.006005 0.059881 0.372085 7.714907550e-39
0.006007 0.060684 0.372210 7.440124131e-39
0.006009 0.061488 0.372335 7.256811872e-39
0.006849 0.039884 0.375460 7.898948485e-39
0.006849 0.040674 0.375460 7.714557225e-39
0.006851 0.041478 0.375585 7.714557225e-39
0.006854 0.042282 0.375710 7.622361595e-39
0.006851 0.047800 0.375585 7.072420612e-39
0.006847 0.048558 0.375335 7.164616242e-39
0.006845 0.049331 0.375210 7.072420612e-39
0.006845 0.050120 0.375210 7.347204030e-39
0.006845 0.050910 0.375210 7.255008400e-39
0.006845 0.051699 0.375210 7.255727266e-39
0.006845 0.052489 0.375210 7.439405265e-39